PLMJLKIP_00004	ISFinder_IS1397	98.945	474	5	0	1	474	927	1400	0.0	848
PLMJLKIP_00005	Tn2.1-CP028717	100.000	294	0	0	1	294	1530	1237	5.47e-155	544
PLMJLKIP_00005	ISFinder_IS1X2	98.639	294	4	0	1	294	460	753	2.56e-148	521
PLMJLKIP_00005	IS1X2-Z11605	98.639	294	4	0	1	294	460	753	2.56e-148	521
PLMJLKIP_00005	ISFinder_IS1X1	98.299	294	5	0	1	294	460	753	1.19e-146	516
PLMJLKIP_00005	Tn6339-MF344565	98.282	291	5	0	4	294	816	526	5.54e-145	510
PLMJLKIP_00005	ISFinder_IS1F	97.619	294	7	0	1	294	460	753	2.58e-143	505
PLMJLKIP_00005	ISFinder_IS1X4	96.259	294	11	0	1	294	460	753	1.21e-136	483
PLMJLKIP_00005	ISFinder_IS1X3	92.177	294	23	0	1	294	461	754	1.24e-116	416
PLMJLKIP_00005	ISFinder_IS1S	92.177	294	23	0	1	294	460	753	1.24e-116	416
PLMJLKIP_00005	ISFinder_IS1R	92.177	294	23	0	1	294	460	753	1.24e-116	416
PLMJLKIP_00005	ISFinder_IS1A	92.177	294	23	0	1	294	460	753	1.24e-116	416
PLMJLKIP_00005	Tn6375-KY978631	92.440	291	22	0	4	294	2907	2617	1.24e-116	416
PLMJLKIP_00005	Tn6214-KJ541071	92.440	291	22	0	4	294	8943	8653	1.24e-116	416
PLMJLKIP_00005	Tn2696-HE617182	92.440	291	22	0	4	294	306	16	1.24e-116	416
PLMJLKIP_00005	Tn2696-HE617182	92.177	294	23	0	1	294	2388	2681	1.24e-116	416
PLMJLKIP_00005	Tn2670-AP000342	92.177	294	23	0	1	294	460	753	1.24e-116	416
PLMJLKIP_00005	Tn2670-AP000342	92.177	294	23	0	1	294	22452	22745	1.24e-116	416
PLMJLKIP_00005	Tn21.2-MH626558	92.177	294	23	0	1	294	13366	13659	1.24e-116	416
PLMJLKIP_00005	Tn1681-CP026930	92.177	294	23	0	1	294	460	753	1.24e-116	416
PLMJLKIP_00005	Tn1681-CP026930	92.440	291	22	0	4	294	1600	1310	1.24e-116	416
PLMJLKIP_00005	IS1R-J01730	92.177	294	23	0	1	294	460	753	1.24e-116	416
PLMJLKIP_00005	ISFinder_IS1G	92.414	290	22	0	1	290	460	749	4.47e-116	414
PLMJLKIP_00005	ISFinder_IS1SD	91.837	294	24	0	1	294	460	753	5.78e-115	411
PLMJLKIP_00005	ISFinder_IS1D	91.837	294	24	0	1	294	460	753	5.78e-115	411
PLMJLKIP_00005	ISFinder_IS1B	91.837	294	24	0	1	294	460	753	5.78e-115	411
PLMJLKIP_00005	Tn7246-	92.096	291	23	0	4	294	306	16	5.78e-115	411
PLMJLKIP_00005	Tn7246-	91.837	294	24	0	1	294	7017	7310	5.78e-115	411
PLMJLKIP_00005	ISFinder_ISKpn14	91.497	294	25	0	1	294	460	753	2.69e-113	405
PLMJLKIP_00005	ISKpn14-CP000649	91.497	294	25	0	1	294	460	753	2.69e-113	405
PLMJLKIP_00011	ISFinder_IS15DI	100.000	705	0	0	1	705	64	768	0.0	1303
PLMJLKIP_00011	ISFinder_IS15	100.000	705	0	0	1	705	717	1421	0.0	1303
PLMJLKIP_00011	ISFinder_IS15	99.492	590	3	0	1	590	64	653	0.0	1074
PLMJLKIP_00011	ISFinder_IS15	99.187	123	1	0	583	705	1474	1596	7.29e-58	222
PLMJLKIP_00011	Tn7114.1-CP110861	100.000	705	0	0	1	705	41060	41764	0.0	1303
PLMJLKIP_00011	Tn7114.1-CP110861	100.000	705	0	0	1	705	44095	43391	0.0	1303
PLMJLKIP_00011	Tn7114.1-CP110861	100.000	705	0	0	1	705	50121	49417	0.0	1303
PLMJLKIP_00011	Tn7114.1-CP110861	99.574	705	3	0	1	705	6090	6794	0.0	1286
PLMJLKIP_00011	Tn7114.1-CP110861	99.574	705	3	0	1	705	10292	10996	0.0	1286
PLMJLKIP_00011	Tn7114.1-CP110861	99.574	705	3	0	1	705	28664	29368	0.0	1286
PLMJLKIP_00011	Tn7114.1-CP110861	99.574	705	3	0	1	705	32866	33570	0.0	1286
PLMJLKIP_00011	Tn6023-GU562437.2	100.000	705	0	0	1	705	1880	2584	0.0	1303
PLMJLKIP_00011	Tn6023-GU562437.2	99.574	705	3	0	1	705	757	53	0.0	1286
PLMJLKIP_00011	Tn6010-EU370913	100.000	705	0	0	1	705	64	768	0.0	1303
PLMJLKIP_00011	Tn6010-EU370913	100.000	705	0	0	1	705	6090	6794	0.0	1303
PLMJLKIP_00011	Tn5393.5-CP027411.1	100.000	705	0	0	1	705	4454	3750	0.0	1303
PLMJLKIP_00011	IS26.var1-GU562437.2	100.000	705	0	0	1	705	64	768	0.0	1303
PLMJLKIP_00011	ISFinder_IS15DIV	99.716	705	2	0	1	705	756	52	0.0	1291
PLMJLKIP_00011	ISFinder_IS26	99.574	705	3	0	1	705	64	768	0.0	1286
PLMJLKIP_00011	TnPMLUA4-KC964607.1	99.574	705	3	0	1	705	64	768	0.0	1286
PLMJLKIP_00011	TnPMLUA4-KC964607.1	99.574	705	3	0	1	705	3717	4421	0.0	1286
PLMJLKIP_00011	TnAph1-L36457	99.574	705	3	0	1	705	64	768	0.0	1286
PLMJLKIP_00011	TnAph1-L36457	99.574	705	3	0	1	705	1924	2628	0.0	1286
PLMJLKIP_00011	Tn7254-CP070093	99.574	705	3	0	1	705	64	768	0.0	1286
PLMJLKIP_00011	Tn7254-CP070093	99.574	705	3	0	1	705	1943	2647	0.0	1286
PLMJLKIP_00011	Tn7247-MH734334	99.574	705	3	0	1	705	163	867	0.0	1286
PLMJLKIP_00011	Tn7247-MH734334	99.574	705	3	0	1	705	10964	10260	0.0	1286
PLMJLKIP_00011	Tn7098-MW390878	99.574	705	3	0	1	705	7117	7821	0.0	1286
PLMJLKIP_00011	Tn7098-MW390878	99.574	705	3	0	1	705	8977	9681	0.0	1286
PLMJLKIP_00011	Tn7095-MW390880	99.574	705	3	0	1	705	7117	7821	0.0	1286
PLMJLKIP_00011	Tn6925-CP076822	99.574	705	3	0	1	705	64	768	0.0	1286
PLMJLKIP_00011	Tn6925-CP076822	99.574	705	3	0	1	705	2992	3696	0.0	1286
PLMJLKIP_00011	Tn6668-MK670985	99.574	705	3	0	1	705	7117	7821	0.0	1286
PLMJLKIP_00011	Tn6308-KX710094	99.574	705	3	0	1	705	7416	8120	0.0	1286
PLMJLKIP_00011	Tn6308-KX710094	99.574	705	3	0	1	705	21854	21150	0.0	1286
PLMJLKIP_00011	Tn6308-KX710094	99.574	705	3	0	1	705	26419	25715	0.0	1286
PLMJLKIP_00011	Tn6308-KX710094	99.574	705	3	0	1	705	31338	30634	0.0	1286
PLMJLKIP_00011	Tn6308-KX710094	99.574	705	3	0	1	705	35903	35199	0.0	1286
PLMJLKIP_00011	Tn6214-KJ541071	99.574	705	3	0	1	705	7448	8152	0.0	1286
PLMJLKIP_00011	Tn4352-M20306	99.574	705	3	0	1	705	88	792	0.0	1286
PLMJLKIP_00011	Tn4352-M20306	99.574	705	3	0	1	705	1948	2652	0.0	1286
PLMJLKIP_00011	Tn2555.3-AY485150	99.574	705	3	0	1	705	5476	4772	0.0	1286
PLMJLKIP_00011	Tn2555.3-AY485150	99.433	705	4	0	1	705	64	768	0.0	1280
PLMJLKIP_00011	Tn2555.3-AY485150	99.433	705	4	0	1	705	13472	14176	0.0	1280
PLMJLKIP_00011	Tn21.2-MH626558	99.574	705	3	0	1	705	6090	6794	0.0	1286
PLMJLKIP_00011	Tn21.2-MH626558	99.574	705	3	0	1	705	19822	20526	0.0	1286
PLMJLKIP_00011	Tn21.2-MH626558	99.574	705	3	0	1	705	31104	31808	0.0	1286
PLMJLKIP_00011	Tn21.1-MH257753	99.574	705	3	0	1	705	6090	6794	0.0	1286
PLMJLKIP_00011	Tn21.1-MH257753	99.574	705	3	0	1	705	17372	18076	0.0	1286
PLMJLKIP_00011	Tn2000-AF205943	99.574	705	3	0	1	705	11129	11833	0.0	1286
PLMJLKIP_00011	Tn2000-AF205943	99.149	705	6	0	1	705	757	53	0.0	1269
PLMJLKIP_00011	Tn1935-MK797990	99.574	705	3	0	1	705	6090	6794	0.0	1286
PLMJLKIP_00011	Tn1935-MK797990	99.574	705	3	0	1	705	7950	8654	0.0	1286
PLMJLKIP_00011	Tn1412-L36547	99.574	705	3	0	1	705	8246	8950	0.0	1286
PLMJLKIP_00011	Tn1412-L36547	99.574	705	3	0	1	705	10106	10810	0.0	1286
PLMJLKIP_00011	In_pP10164-3-KX710094	99.574	705	3	0	1	705	1457	2161	0.0	1286
PLMJLKIP_00011	In_pP10164-3-KX710094	99.574	705	3	0	1	705	15895	15191	0.0	1286
PLMJLKIP_00011	In_pP10164-3-KX710094	99.574	705	3	0	1	705	20460	19756	0.0	1286
PLMJLKIP_00011	In_Tn7114-CP110861	99.574	705	3	0	1	705	1457	2161	0.0	1286
PLMJLKIP_00011	In_Tn7114-CP110861	99.574	705	3	0	1	705	5659	6363	0.0	1286
PLMJLKIP_00011	In_Tn21.1-MH257753	99.574	705	3	0	1	705	1457	2161	0.0	1286
PLMJLKIP_00011	In_Tn1935-MK797990	99.574	705	3	0	1	705	1457	2161	0.0	1286
PLMJLKIP_00011	In_Tn1935-MK797990	99.574	705	3	0	1	705	3317	4021	0.0	1286
PLMJLKIP_00011	In34-AY123253	99.574	705	3	0	1	705	1457	2161	0.0	1286
PLMJLKIP_00011	In34-AY123253	99.574	705	3	0	1	705	3319	4023	0.0	1286
PLMJLKIP_00011	In32-L36547	99.574	705	3	0	1	705	5157	4453	0.0	1286
PLMJLKIP_00011	In32-L36547	99.574	705	3	0	1	705	7017	6313	0.0	1286
PLMJLKIP_00011	IS26-X00011	99.574	705	3	0	1	705	64	768	0.0	1286
PLMJLKIP_00011	IS26-MH257753	99.574	705	3	0	1	705	64	768	0.0	1286
PLMJLKIP_00011	ISFinder_IS15DII	99.433	705	4	0	1	705	64	768	0.0	1280
PLMJLKIP_00011	In_pC52_003-CP042548	99.433	705	4	0	1	705	1457	2161	0.0	1280
PLMJLKIP_00015	ISFinder_ISEc45	98.089	628	12	0	1	628	62	689	0.0	1094
PLMJLKIP_00015	ISFinder_IS629	98.758	161	2	0	629	789	1310	1150	2.86e-77	287
PLMJLKIP_00015	Tn7240-KX159450	98.758	161	2	0	629	789	11594	11434	2.86e-77	287
PLMJLKIP_00015	ISFinder_IS3411	98.137	161	3	0	629	789	1310	1150	1.33e-75	281
PLMJLKIP_00015	ISFinder_IS1203	98.113	159	3	0	629	787	1310	1152	1.72e-74	278
PLMJLKIP_00015	ISFinder_IS1203E	96.273	161	6	0	629	789	1032	872	1.34e-70	265
PLMJLKIP_00017	Tn7240-KX159450	99.662	888	3	0	1	888	10665	11552	0.0	1624
PLMJLKIP_00017	ISFinder_IS629	99.437	888	5	0	1	888	381	1268	0.0	1613
PLMJLKIP_00017	ISFinder_IS3411	99.099	888	8	0	1	888	381	1268	0.0	1596
PLMJLKIP_00017	ISFinder_IS1203	95.495	888	40	0	1	888	381	1268	0.0	1419
PLMJLKIP_00017	ISFinder_IS1203E	94.482	888	49	0	1	888	103	990	0.0	1369
PLMJLKIP_00017	ISFinder_ISEc25	82.063	892	148	10	3	888	383	1268	0.0	750
PLMJLKIP_00020	ISFinder_ISEc31	100.000	747	0	0	1	747	504	1250	0.0	1380
PLMJLKIP_00020	ISFinder_ISCfr6	90.642	748	68	2	1	747	504	1250	0.0	992
PLMJLKIP_00021	ISFinder_ISEc31	100.000	312	0	0	1	312	73	384	5.75e-165	577
PLMJLKIP_00021	ISFinder_ISCfr6	94.551	312	17	0	1	312	73	384	1.29e-136	483
PLMJLKIP_00021	ISFinder_ISEc52	92.857	56	4	0	256	311	319	374	5.49e-16	82.4
PLMJLKIP_00021	ISFinder_IS911	92.857	56	4	0	256	311	319	374	5.49e-16	82.4
PLMJLKIP_00021	IS911-X17613	92.857	56	4	0	256	311	319	374	5.49e-16	82.4
PLMJLKIP_00021	ISFinder_ISBrsa1	94.000	50	3	0	256	305	319	368	2.56e-14	76.8
PLMJLKIP_00021	ISFinder_ISLad1	89.831	59	3	3	249	305	311	368	3.31e-13	73.1
PLMJLKIP_00021	ISFinder_ISPsy24	92.308	39	2	1	249	287	311	348	1.20e-07	54.7
PLMJLKIP_00031	ISFinder_IS2	100.000	543	0	0	1	543	778	1320	0.0	1003
PLMJLKIP_00031	IS2-M18426	100.000	543	0	0	1	543	778	1320	0.0	1003
PLMJLKIP_00039	ISFinder_IS1397	98.276	174	3	0	1	174	400	573	1.57e-83	305
PLMJLKIP_00062	Tn1681-CP026930	99.008	504	5	0	1	504	1813	1310	0.0	904
PLMJLKIP_00062	Tn1681-CP026930	98.810	504	6	0	1	504	250	753	0.0	898
PLMJLKIP_00062	ISFinder_IS1A	98.810	504	6	0	1	504	250	753	0.0	898
PLMJLKIP_00062	Tn7246-	98.810	504	5	1	1	504	6808	7310	0.0	896
PLMJLKIP_00062	Tn7246-	98.413	504	8	0	1	504	519	16	0.0	887
PLMJLKIP_00062	ISFinder_IS1G	98.805	502	6	0	1	502	250	751	0.0	894
PLMJLKIP_00062	ISFinder_IS1S	98.611	504	7	0	1	504	250	753	0.0	893
PLMJLKIP_00062	ISFinder_IS1SD	98.214	504	9	0	1	504	250	753	0.0	881
PLMJLKIP_00062	ISFinder_IS1R	98.016	504	10	0	1	504	250	753	0.0	876
PLMJLKIP_00062	Tn6375-KY978631	98.016	504	10	0	1	504	3120	2617	0.0	876
PLMJLKIP_00062	Tn6214-KJ541071	98.016	504	10	0	1	504	9156	8653	0.0	876
PLMJLKIP_00062	Tn2696-HE617182	98.016	504	10	0	1	504	519	16	0.0	876
PLMJLKIP_00062	Tn2696-HE617182	98.016	504	10	0	1	504	2178	2681	0.0	876
PLMJLKIP_00062	Tn2670-AP000342	98.016	504	10	0	1	504	250	753	0.0	876
PLMJLKIP_00062	Tn2670-AP000342	98.016	504	10	0	1	504	22242	22745	0.0	876
PLMJLKIP_00062	Tn21.2-MH626558	98.016	504	10	0	1	504	13156	13659	0.0	876
PLMJLKIP_00062	IS1R-J01730	98.016	504	10	0	1	504	250	753	0.0	876
PLMJLKIP_00062	ISFinder_IS1D	97.817	504	11	0	1	504	250	753	0.0	870
PLMJLKIP_00062	ISFinder_IS1B	97.817	504	11	0	1	504	250	753	0.0	870
PLMJLKIP_00062	Tn6339-MF344565	93.849	504	31	0	1	504	1029	526	0.0	760
PLMJLKIP_00062	Tn2.1-CP028717	92.262	504	39	0	1	504	1740	1237	0.0	715
PLMJLKIP_00062	ISFinder_IS1X2	91.468	504	43	0	1	504	250	753	0.0	693
PLMJLKIP_00062	IS1X2-Z11605	91.468	504	43	0	1	504	250	753	0.0	693
PLMJLKIP_00062	ISFinder_IS1X4	90.873	504	46	0	1	504	250	753	0.0	676
PLMJLKIP_00062	ISFinder_IS1X1	90.079	504	50	0	1	504	250	753	0.0	654
PLMJLKIP_00062	ISFinder_IS1X3	89.683	504	52	0	1	504	251	754	0.0	643
PLMJLKIP_00062	ISFinder_IS1F	89.683	504	52	0	1	504	250	753	0.0	643
PLMJLKIP_00062	ISFinder_ISKpn14	86.680	503	67	0	2	504	251	753	3.45e-159	558
PLMJLKIP_00062	ISKpn14-CP000649	86.680	503	67	0	2	504	251	753	3.45e-159	558
PLMJLKIP_00076	ISFinder_ISEc8	99.738	381	1	0	1	381	93	473	0.0	699
PLMJLKIP_00076	ISFinder_ISCfr14	90.814	381	35	0	1	381	93	473	7.29e-145	510
PLMJLKIP_00076	ISFinder_ISSgsp1	88.714	381	40	2	1	381	92	469	2.07e-130	462
PLMJLKIP_00077	ISFinder_ISEc8	99.713	348	1	0	1	348	470	817	0.0	638
PLMJLKIP_00077	ISFinder_ISSgsp1	89.337	347	37	0	1	347	466	812	1.14e-122	436
PLMJLKIP_00077	ISFinder_ISEc22	84.726	347	53	0	2	348	484	830	5.51e-96	348
PLMJLKIP_00078	ISFinder_ISEc8	99.419	1204	7	0	1	1204	867	2070	0.0	2185
PLMJLKIP_00078	ISFinder_ISEc8	98.396	187	3	0	1200	1386	2219	2405	8.33e-90	329
PLMJLKIP_00078	ISFinder_ISSgsp1	88.953	1204	133	0	1	1204	863	2066	0.0	1487
PLMJLKIP_00078	ISFinder_ISSgsp1	89.785	186	19	0	1201	1386	2216	2401	1.44e-62	239
PLMJLKIP_00078	ISFinder_ISCfr14	86.296	1204	165	0	1	1204	867	2070	0.0	1310
PLMJLKIP_00078	ISFinder_ISKpn24	86.897	1160	152	0	45	1204	923	2082	0.0	1301
PLMJLKIP_00078	ISFinder_ISEc22	86.724	1160	154	0	45	1204	923	2082	0.0	1290
PLMJLKIP_00078	ISFinder_ISEc22	86.631	187	25	0	1200	1386	2231	2417	4.07e-53	207
PLMJLKIP_00080	ISFinder_IS1F	100.000	210	0	0	1	210	544	753	1.87e-108	388
PLMJLKIP_00080	ISFinder_IS1X1	98.095	210	4	0	1	210	544	753	8.78e-102	366
PLMJLKIP_00080	Tn2.1-CP028717	97.143	210	6	0	1	210	1446	1237	1.90e-98	355
PLMJLKIP_00080	ISFinder_IS1X2	96.667	210	7	0	1	210	544	753	8.84e-97	350
PLMJLKIP_00080	Tn6339-MF344565	96.667	210	7	0	1	210	735	526	8.84e-97	350
PLMJLKIP_00080	IS1X2-Z11605	96.667	210	7	0	1	210	544	753	8.84e-97	350
PLMJLKIP_00080	ISFinder_IS1X4	94.286	210	12	0	1	210	544	753	1.93e-88	322
PLMJLKIP_00080	ISFinder_IS1S	91.905	210	17	0	1	210	544	753	4.20e-80	294
PLMJLKIP_00080	ISFinder_IS1R	91.905	210	17	0	1	210	544	753	4.20e-80	294
PLMJLKIP_00080	ISFinder_IS1A	91.905	210	17	0	1	210	544	753	4.20e-80	294
PLMJLKIP_00080	Tn6375-KY978631	91.905	210	17	0	1	210	2826	2617	4.20e-80	294
PLMJLKIP_00080	Tn6214-KJ541071	91.905	210	17	0	1	210	8862	8653	4.20e-80	294
PLMJLKIP_00080	Tn2696-HE617182	91.905	210	17	0	1	210	225	16	4.20e-80	294
PLMJLKIP_00080	Tn2696-HE617182	91.905	210	17	0	1	210	2472	2681	4.20e-80	294
PLMJLKIP_00080	Tn2670-AP000342	91.905	210	17	0	1	210	544	753	4.20e-80	294
PLMJLKIP_00080	Tn2670-AP000342	91.905	210	17	0	1	210	22536	22745	4.20e-80	294
PLMJLKIP_00080	Tn21.2-MH626558	91.905	210	17	0	1	210	13450	13659	4.20e-80	294
PLMJLKIP_00080	Tn1681-CP026930	91.905	210	17	0	1	210	544	753	4.20e-80	294
PLMJLKIP_00080	Tn1681-CP026930	91.905	210	17	0	1	210	1519	1310	4.20e-80	294
PLMJLKIP_00080	IS1R-J01730	91.905	210	17	0	1	210	544	753	4.20e-80	294
PLMJLKIP_00080	ISFinder_IS1G	92.233	206	16	0	1	206	544	749	1.51e-79	292
PLMJLKIP_00080	ISFinder_IS1SD	91.429	210	18	0	1	210	544	753	1.95e-78	289
PLMJLKIP_00080	ISFinder_IS1D	91.429	210	18	0	1	210	544	753	1.95e-78	289
PLMJLKIP_00080	ISFinder_IS1B	91.429	210	18	0	1	210	544	753	1.95e-78	289
PLMJLKIP_00080	Tn7246-	91.429	210	18	0	1	210	225	16	1.95e-78	289
PLMJLKIP_00080	Tn7246-	91.429	210	18	0	1	210	7101	7310	1.95e-78	289
PLMJLKIP_00080	ISFinder_IS1X3	90.952	210	19	0	1	210	545	754	9.09e-77	283
PLMJLKIP_00081	ISFinder_ISSfl10	98.020	303	6	0	1	303	65	367	5.69e-150	527
PLMJLKIP_00081	ISFinder_IS600	98.020	303	6	0	1	303	65	367	5.69e-150	527
PLMJLKIP_00081	ISFinder_ISSd1	97.360	303	8	0	1	303	65	367	1.23e-146	516
PLMJLKIP_00081	ISFinder_ISSfl11	91.391	302	26	0	1	302	65	366	4.62e-116	414
PLMJLKIP_00082	ISFinder_ISSd1	100.000	814	0	0	1	814	403	1216	0.0	1504
PLMJLKIP_00082	ISFinder_IS600	99.512	819	4	0	1	819	403	1221	0.0	1491
PLMJLKIP_00082	ISFinder_ISSfl11	92.120	698	51	4	1	696	403	1098	0.0	981
PLMJLKIP_00082	ISFinder_ISSfl10	99.769	432	1	0	388	819	763	1194	0.0	793
PLMJLKIP_00082	ISFinder_ISSfl10	99.171	362	3	0	1	362	403	764	0.0	652
PLMJLKIP_00085	ISFinder_ISLad1	97.297	74	2	0	341	414	1249	1176	3.37e-29	126
PLMJLKIP_00085	ISFinder_IS911	97.333	75	1	1	341	414	1250	1176	3.37e-29	126
PLMJLKIP_00085	IS911-X17613	97.333	75	1	1	341	414	1250	1176	3.37e-29	126
PLMJLKIP_00085	ISFinder_ISEc52	96.000	75	2	1	341	414	1250	1176	1.57e-27	121
PLMJLKIP_00085	ISFinder_ISBrsa1	92.958	71	5	0	344	414	1246	1176	1.58e-22	104
PLMJLKIP_00086	ISFinder_IS911	98.614	505	6	1	1	504	738	1242	0.0	893
PLMJLKIP_00086	IS911-X17613	98.614	505	6	1	1	504	738	1242	0.0	893
PLMJLKIP_00086	ISFinder_ISEc52	95.446	505	22	1	1	504	738	1242	0.0	804
PLMJLKIP_00086	ISFinder_ISLad1	93.651	504	32	0	1	504	738	1241	0.0	754
PLMJLKIP_00086	ISFinder_ISBrsa1	85.207	507	69	5	1	504	738	1241	2.11e-146	516
PLMJLKIP_00094	ISFinder_IS3	99.537	216	1	0	1	216	1013	1228	4.15e-110	394
PLMJLKIP_00094	IS3-X02311	99.537	216	1	0	1	216	1013	1228	4.15e-110	394
PLMJLKIP_00094	ISFinder_ISEc17	99.074	216	2	0	1	216	1013	1228	1.93e-108	388
PLMJLKIP_00094	ISFinder_IS3H	95.370	216	10	0	1	216	1016	1231	4.24e-95	344
PLMJLKIP_00094	ISFinder_IS3F	94.444	216	12	0	1	216	1013	1228	9.19e-92	333
PLMJLKIP_00101	ISFinder_IS911	98.540	274	3	1	1	273	73	346	1.12e-136	483
PLMJLKIP_00101	IS911-X17613	98.540	274	3	1	1	273	73	346	1.12e-136	483
PLMJLKIP_00101	ISFinder_ISEc52	90.146	274	26	1	1	273	73	346	2.54e-98	355
PLMJLKIP_00101	ISFinder_ISLad1	84.672	274	41	1	1	273	73	346	2.63e-73	272
PLMJLKIP_00102	ISFinder_TnAs3	100.000	468	0	0	1	468	4991	5458	0.0	865
PLMJLKIP_00102	TnpTB11-AJ744860.1	100.000	468	0	0	1	468	358	825	0.0	865
PLMJLKIP_00102	TnpRSB105-DQ839391.1	100.000	468	0	0	1	468	358	825	0.0	865
PLMJLKIP_00102	TnpHS87a-KR106190.1	100.000	468	0	0	1	468	358	825	0.0	865
PLMJLKIP_00102	TnXorYNA12-HQ662557.1	100.000	468	0	0	1	468	358	825	0.0	865
PLMJLKIP_00102	TnPfu1.2-LC589062	100.000	468	0	0	1	468	358	825	0.0	865
PLMJLKIP_00102	TnPfu1.1-LC589064	100.000	468	0	0	1	468	358	825	0.0	865
PLMJLKIP_00102	TnPfu1-LC331665.1	100.000	468	0	0	1	468	358	825	0.0	865
PLMJLKIP_00102	TnAs3-CP000645.1	100.000	468	0	0	1	468	4991	5458	0.0	865
PLMJLKIP_00102	Tn7114.1-CP110861	100.000	468	0	0	1	468	4991	5458	0.0	865
PLMJLKIP_00102	Tn7114.1-CP110861	100.000	468	0	0	1	468	27565	28032	0.0	865
PLMJLKIP_00102	Tn7017-NC_022242.1	100.000	468	0	0	1	468	358	825	0.0	865
PLMJLKIP_00102	Tn6375-KY978631	100.000	468	0	0	1	468	7854	8321	0.0	865
PLMJLKIP_00102	Tn6352-KX889311	100.000	468	0	0	1	468	358	825	0.0	865
PLMJLKIP_00102	Tn6321-KY270852	100.000	468	0	0	1	468	4641	5108	0.0	865
PLMJLKIP_00102	Tn6308-KX710094	100.000	468	0	0	1	468	6317	6784	0.0	865
PLMJLKIP_00102	Tn6308-KX710094	84.120	466	70	4	1	464	36332	36795	7.60e-126	448
PLMJLKIP_00102	Tn6214-KJ541071	100.000	468	0	0	1	468	17217	17684	0.0	865
PLMJLKIP_00102	Tn6112-HQ423158.1	100.000	468	0	0	1	468	358	825	0.0	865
PLMJLKIP_00102	Tn5086-CP054343	100.000	468	0	0	1	468	4991	5458	0.0	865
PLMJLKIP_00102	Tn5045-FN821089.1	100.000	468	0	0	1	468	4457	4924	0.0	865
PLMJLKIP_00102	Tn402.6-KT345947	100.000	468	0	0	1	468	358	825	0.0	865
PLMJLKIP_00102	Tn402.5-MH392234	100.000	468	0	0	1	468	358	825	0.0	865
PLMJLKIP_00102	Tn402.4-MW150990	100.000	468	0	0	1	468	358	825	0.0	865
PLMJLKIP_00102	Tn402.3-CP063457	100.000	468	0	0	1	468	358	825	0.0	865
PLMJLKIP_00102	Tn402.2-CP045551	100.000	468	0	0	1	468	358	825	0.0	865
PLMJLKIP_00102	Tn402.10-CP040126	100.000	468	0	0	1	468	358	825	0.0	865
PLMJLKIP_00102	Tn402.1-GQ857074.1	100.000	468	0	0	1	468	358	825	0.0	865
PLMJLKIP_00102	Tn402-U67194.4	100.000	468	0	0	1	468	358	825	0.0	865
PLMJLKIP_00102	Tn4-KY749247.1	100.000	468	0	0	1	468	9944	10411	0.0	865
PLMJLKIP_00102	Tn2670-AP000342	100.000	468	0	0	1	468	5817	6284	0.0	865
PLMJLKIP_00102	Tn2424-UGCJ01000005	100.000	468	0	0	1	468	4991	5458	0.0	865
PLMJLKIP_00102	Tn2411-FN554766	100.000	468	0	0	1	468	4990	5457	0.0	865
PLMJLKIP_00102	Tn21.3-GQ293498.1	100.000	468	0	0	1	468	4991	5458	0.0	865
PLMJLKIP_00102	Tn21.2-MH626558	100.000	468	0	0	1	468	4991	5458	0.0	865
PLMJLKIP_00102	Tn21.2-MH626558	100.000	468	0	0	1	468	18723	19190	0.0	865
PLMJLKIP_00102	Tn21.1-MH257753	100.000	468	0	0	1	468	4991	5458	0.0	865
PLMJLKIP_00102	Tn21-AF071413	100.000	468	0	0	1	468	4991	5458	0.0	865
PLMJLKIP_00102	Tn1935-MK797990	100.000	468	0	0	1	468	4991	5458	0.0	865
PLMJLKIP_00102	Tn1721.1-HQ730118.1	100.000	468	0	0	1	468	2289	2756	0.0	865
PLMJLKIP_00102	In_pP10164-3-KX710094	100.000	468	0	0	1	468	358	825	0.0	865
PLMJLKIP_00102	In_pC52_003-CP042548	100.000	468	0	0	1	468	358	825	0.0	865
PLMJLKIP_00102	In_TnAs3-CP000645.1	100.000	468	0	0	1	468	358	825	0.0	865
PLMJLKIP_00102	In_Tn7114-CP110861	100.000	468	0	0	1	468	358	825	0.0	865
PLMJLKIP_00102	In_Tn5045-FN821089.1	100.000	468	0	0	1	468	358	825	0.0	865
PLMJLKIP_00102	In_Tn4-KY749247.1	100.000	468	0	0	1	468	358	825	0.0	865
PLMJLKIP_00102	In_Tn21.1-MH257753	100.000	468	0	0	1	468	358	825	0.0	865
PLMJLKIP_00102	In_Tn1935-MK797990	100.000	468	0	0	1	468	358	825	0.0	865
PLMJLKIP_00102	In_Tn1721.1-HQ730118.1	100.000	468	0	0	1	468	358	825	0.0	865
PLMJLKIP_00102	In844-KY270852	100.000	468	0	0	1	468	358	825	0.0	865
PLMJLKIP_00102	In73-KY978631	100.000	468	0	0	1	468	358	825	0.0	865
PLMJLKIP_00102	In58-KX889311	100.000	468	0	0	1	468	358	825	0.0	865
PLMJLKIP_00102	In34-AY123253	100.000	468	0	0	1	468	358	825	0.0	865
PLMJLKIP_00102	In31-AJ223604	100.000	468	0	0	1	468	358	825	0.0	865
PLMJLKIP_00102	In2_IS1326_IS1353-AF071413	100.000	468	0	0	1	468	358	825	0.0	865
PLMJLKIP_00102	In22-CP054343	100.000	468	0	0	1	468	358	825	0.0	865
PLMJLKIP_00102	In21-UGCJ01000005	100.000	468	0	0	1	468	358	825	0.0	865
PLMJLKIP_00102	In2-AF071413	100.000	468	0	0	1	468	358	825	0.0	865
PLMJLKIP_00102	In1223-KX784502	100.000	468	0	0	1	468	358	825	0.0	865
PLMJLKIP_00102	In1187-KT070138	100.000	468	0	0	1	468	358	825	0.0	865
PLMJLKIP_00102	In0-U49101	100.000	468	0	0	1	468	358	825	0.0	865
PLMJLKIP_00102	Tn5090-AM993098	99.573	468	2	0	1	468	358	825	0.0	856
PLMJLKIP_00102	Tn6007-EU591509.1	85.408	466	64	4	1	464	360	823	7.49e-136	481
PLMJLKIP_00102	Tn6006-EU591509.1	85.408	466	64	4	1	464	8837	9300	7.49e-136	481
PLMJLKIP_00102	Tn6006-EU591509.1	82.418	455	78	2	15	468	374	827	2.79e-110	396
PLMJLKIP_00102	Tn6005-EU591509.1	85.408	466	64	4	1	464	13179	13642	7.49e-136	481
PLMJLKIP_00102	Tn6005-EU591509.1	82.418	455	78	2	15	468	4716	5169	2.79e-110	396
PLMJLKIP_00102	Tn5053.7-AM261760	85.408	466	64	4	1	464	360	823	7.49e-136	481
PLMJLKIP_00102	Tn5053.6-JX469833	85.408	466	64	4	1	464	360	823	7.49e-136	481
PLMJLKIP_00102	Tn5053.3-GQ983559	85.408	466	64	4	1	464	360	823	7.49e-136	481
PLMJLKIP_00102	Tn402.8-MF490433	85.408	466	64	4	1	464	360	823	7.49e-136	481
PLMJLKIP_00102	Tn5718-AJ304453	84.120	466	70	4	1	464	360	823	7.60e-126	448
PLMJLKIP_00102	Tn512-EU306744	84.120	466	70	4	1	464	360	823	7.60e-126	448
PLMJLKIP_00102	Tn50580-AM048832	84.120	466	70	4	1	464	360	823	7.60e-126	448
PLMJLKIP_00102	Tn5058-Y17897	84.120	466	70	4	1	464	360	823	7.60e-126	448
PLMJLKIP_00102	Tn5053.9-CP048650	84.120	466	70	4	1	464	360	823	7.60e-126	448
PLMJLKIP_00102	Tn5053.8-CP017991	84.120	466	70	4	1	464	360	823	7.60e-126	448
PLMJLKIP_00102	Tn502-EU306743	84.120	466	70	4	1	464	360	823	7.60e-126	448
PLMJLKIP_00102	Tn1412-L36547	83.664	453	74	0	16	468	14890	14438	9.90e-120	427
PLMJLKIP_00102	In32-L36547	83.120	468	79	0	1	468	358	825	9.90e-120	427
PLMJLKIP_00102	TnCfrpOZ172-CP016763.1	82.418	455	78	2	15	468	10660	10207	2.79e-110	396
PLMJLKIP_00102	Tn6008-EU591509.1	82.418	455	78	2	15	468	374	827	2.79e-110	396
PLMJLKIP_00102	Tn5053.2-CP024682	82.418	455	78	2	15	468	374	827	2.79e-110	396
PLMJLKIP_00102	Tn5053-L40585.1	82.418	455	78	2	15	468	374	827	2.79e-110	396
PLMJLKIP_00102	In_TnCfrpOZ172-CP016763.1	82.418	455	78	2	15	468	374	827	2.79e-110	396
PLMJLKIP_00102	Tn5053.4-CP001919	82.198	455	79	2	15	468	374	827	1.30e-108	390
PLMJLKIP_00102	In992-MF344578	100.000	191	0	0	1	191	358	548	1.70e-97	353
PLMJLKIP_00103	Tn7114.1-CP110861	100.000	699	0	0	1	699	20066	19368	0.0	1291
PLMJLKIP_00103	Tn1721-X61367.1	98.588	708	0	2	1	699	8631	7925	0.0	1243
PLMJLKIP_00104	Tn7114.1-CP110861	100.000	1200	0	0	1	1200	18137	19336	0.0	2217
PLMJLKIP_00104	Tn1721-X61367.1	100.000	1200	0	0	1	1200	6694	7893	0.0	2217
PLMJLKIP_00105	Tn7114.1-CP110861	96.460	678	0	1	1	654	18058	17381	0.0	1098
PLMJLKIP_00105	Tn1721-X61367.1	96.460	678	0	1	1	654	6615	5938	0.0	1098
PLMJLKIP_00106	Tn7114.1-CP110861	99.881	837	1	0	1	837	7691	6855	0.0	1541
PLMJLKIP_00106	Tn7114.1-CP110861	99.881	837	1	0	1	837	30265	29429	0.0	1541
PLMJLKIP_00106	Tn5563a.2-CP028567	99.881	837	1	0	1	837	1460	624	0.0	1541
PLMJLKIP_00106	Tn5393c-AY342395.1	99.881	837	1	0	1	837	943	107	0.0	1541
PLMJLKIP_00106	Tn5393.9-KU987453.1	99.881	837	1	0	1	837	14288	13452	0.0	1541
PLMJLKIP_00106	Tn5393.8-CP002090.1	99.881	837	1	0	1	837	943	107	0.0	1541
PLMJLKIP_00106	Tn5393.7-LT827129.1	99.881	837	1	0	1	837	943	107	0.0	1541
PLMJLKIP_00106	Tn5393.5-CP027411.1	99.881	837	1	0	1	837	943	107	0.0	1541
PLMJLKIP_00106	Tn5393.4-AJ627643.4	99.881	837	1	0	1	837	943	107	0.0	1541
PLMJLKIP_00106	Tn5393.4-AJ627643.4	99.333	150	1	0	1	150	9657	9508	8.50e-73	272
PLMJLKIP_00106	Tn5393.3-LT985287.1	99.881	837	1	0	1	837	943	107	0.0	1541
PLMJLKIP_00106	Tn5393.2-CP030921.1	99.881	837	1	0	1	837	943	107	0.0	1541
PLMJLKIP_00106	Tn5393.13-AB366441	99.881	837	1	0	1	837	943	107	0.0	1541
PLMJLKIP_00106	Tn5393.12-KM409652	99.881	837	1	0	1	837	943	107	0.0	1541
PLMJLKIP_00106	Tn5393.11-CP000602.1	99.881	837	1	0	1	837	943	107	0.0	1541
PLMJLKIP_00106	Tn5393.1-MF487840.1	99.881	837	1	0	1	837	943	107	0.0	1541
PLMJLKIP_00106	Tn5393-M95402.1	99.881	837	1	0	1	837	943	107	0.0	1541
PLMJLKIP_00106	In_Tn7114-CP110861	99.881	837	1	0	1	837	3058	2222	0.0	1541
PLMJLKIP_00106	Tn5393.10-CP019905.1	99.761	837	2	0	1	837	943	107	0.0	1535
PLMJLKIP_00106	Tn1403-AF313472	99.761	837	2	0	1	837	3234	2398	0.0	1535
PLMJLKIP_00106	Tn6299-KU736875	98.088	837	16	0	1	837	14967	14131	0.0	1458
PLMJLKIP_00107	Tn7114.1-CP110861	100.000	804	0	0	1	804	8494	7691	0.0	1485
PLMJLKIP_00107	Tn7114.1-CP110861	100.000	804	0	0	1	804	31068	30265	0.0	1485
PLMJLKIP_00107	Tn5393.8-CP002090.1	100.000	804	0	0	1	804	1746	943	0.0	1485
PLMJLKIP_00107	In_Tn7114-CP110861	100.000	804	0	0	1	804	3861	3058	0.0	1485
PLMJLKIP_00107	Tn5563a.2-CP028567	99.876	804	1	0	1	804	2263	1460	0.0	1480
PLMJLKIP_00107	Tn5393c-AY342395.1	99.876	804	1	0	1	804	1746	943	0.0	1480
PLMJLKIP_00107	Tn5393.9-KU987453.1	99.876	804	1	0	1	804	15091	14288	0.0	1480
PLMJLKIP_00107	Tn5393.7-LT827129.1	99.876	804	1	0	1	804	1746	943	0.0	1480
PLMJLKIP_00107	Tn5393.5-CP027411.1	99.876	804	1	0	1	804	1746	943	0.0	1480
PLMJLKIP_00107	Tn5393.4-AJ627643.4	99.876	804	1	0	1	804	1746	943	0.0	1480
PLMJLKIP_00107	Tn5393.4-AJ627643.4	99.876	804	1	0	1	804	10460	9657	0.0	1480
PLMJLKIP_00107	Tn5393.3-LT985287.1	99.876	804	1	0	1	804	1746	943	0.0	1480
PLMJLKIP_00107	Tn5393.2-CP030921.1	99.876	804	1	0	1	804	1746	943	0.0	1480
PLMJLKIP_00107	Tn5393.13-AB366441	99.876	804	1	0	1	804	1746	943	0.0	1480
PLMJLKIP_00107	Tn5393.12-KM409652	99.876	804	1	0	1	804	1746	943	0.0	1480
PLMJLKIP_00107	Tn5393.11-CP000602.1	99.876	804	1	0	1	804	1746	943	0.0	1480
PLMJLKIP_00107	Tn5393.1-MF487840.1	99.876	804	1	0	1	804	1746	943	0.0	1480
PLMJLKIP_00107	Tn5393-M95402.1	99.876	804	1	0	1	804	1746	943	0.0	1480
PLMJLKIP_00107	Tn5393.10-CP019905.1	99.751	804	2	0	1	804	1746	943	0.0	1474
PLMJLKIP_00107	Tn1403-AF313472	99.751	804	2	0	1	804	4037	3234	0.0	1474
PLMJLKIP_00107	Tn6299-KU736875	97.761	804	18	0	1	804	15770	14967	0.0	1386
PLMJLKIP_00108	Tn7114.1-CP110861	99.632	816	3	0	1	816	9370	8555	0.0	1491
PLMJLKIP_00108	Tn7114.1-CP110861	99.632	816	3	0	1	816	31944	31129	0.0	1491
PLMJLKIP_00108	In_Tn7114-CP110861	99.632	816	3	0	1	816	4737	3922	0.0	1491
PLMJLKIP_00109	Tn7114.1-CP110861	100.000	173	0	0	88	260	9851	9679	8.81e-88	320
PLMJLKIP_00109	Tn7114.1-CP110861	100.000	173	0	0	88	260	32425	32253	8.81e-88	320
PLMJLKIP_00109	Tn7114.1-CP110861	100.000	87	0	0	1	87	6113	6027	5.65e-40	161
PLMJLKIP_00109	Tn7114.1-CP110861	100.000	87	0	0	1	87	10315	10229	5.65e-40	161
PLMJLKIP_00109	Tn7114.1-CP110861	100.000	87	0	0	1	87	28687	28601	5.65e-40	161
PLMJLKIP_00109	Tn7114.1-CP110861	100.000	87	0	0	1	87	32889	32803	5.65e-40	161
PLMJLKIP_00109	Tn7114.1-CP110861	100.000	87	0	0	1	87	41083	40997	5.65e-40	161
PLMJLKIP_00109	Tn7114.1-CP110861	100.000	87	0	0	1	87	44072	44158	5.65e-40	161
PLMJLKIP_00109	Tn7114.1-CP110861	100.000	87	0	0	1	87	50098	50184	5.65e-40	161
PLMJLKIP_00109	In_Tn7114-CP110861	100.000	173	0	0	88	260	5218	5046	8.81e-88	320
PLMJLKIP_00109	In_Tn7114-CP110861	100.000	87	0	0	1	87	1480	1394	5.65e-40	161
PLMJLKIP_00109	In_Tn7114-CP110861	100.000	87	0	0	1	87	5682	5596	5.65e-40	161
PLMJLKIP_00109	TnPMLUA4-KC964607.1	100.000	89	0	0	1	89	3740	3652	4.37e-41	165
PLMJLKIP_00109	TnPMLUA4-KC964607.1	100.000	87	0	0	1	87	87	1	5.65e-40	161
PLMJLKIP_00109	Tn6308-KX710094	97.895	95	1	1	1	95	26396	26489	1.57e-40	163
PLMJLKIP_00109	Tn6308-KX710094	100.000	88	0	0	1	88	35880	35967	1.57e-40	163
PLMJLKIP_00109	Tn6308-KX710094	100.000	87	0	0	1	87	7439	7353	5.65e-40	161
PLMJLKIP_00109	Tn6308-KX710094	100.000	87	0	0	1	87	21831	21917	5.65e-40	161
PLMJLKIP_00109	Tn6308-KX710094	100.000	87	0	0	1	87	31315	31401	5.65e-40	161
PLMJLKIP_00109	In_pP10164-3-KX710094	97.895	95	1	1	1	95	20437	20530	1.57e-40	163
PLMJLKIP_00109	In_pP10164-3-KX710094	100.000	87	0	0	1	87	1480	1394	5.65e-40	161
PLMJLKIP_00109	In_pP10164-3-KX710094	100.000	87	0	0	1	87	15872	15958	5.65e-40	161
PLMJLKIP_00109	ISFinder_IS15DIV	100.000	87	0	0	1	87	733	819	5.65e-40	161
PLMJLKIP_00109	ISFinder_IS15DII	100.000	87	0	0	1	87	87	1	5.65e-40	161
PLMJLKIP_00109	ISFinder_IS15DI	100.000	87	0	0	1	87	87	1	5.65e-40	161
PLMJLKIP_00109	ISFinder_IS15	100.000	87	0	0	1	87	87	1	5.65e-40	161
PLMJLKIP_00109	ISFinder_IS15	100.000	87	0	0	1	87	740	654	5.65e-40	161
PLMJLKIP_00109	ISFinder_IS26	100.000	87	0	0	1	87	87	1	5.65e-40	161
PLMJLKIP_00109	TnAph1-L36457	100.000	87	0	0	1	87	87	1	5.65e-40	161
PLMJLKIP_00109	TnAph1-L36457	100.000	87	0	0	1	87	1947	1861	5.65e-40	161
PLMJLKIP_00109	Tn7254-CP070093	100.000	87	0	0	1	87	87	1	5.65e-40	161
PLMJLKIP_00109	Tn7254-CP070093	100.000	87	0	0	1	87	1966	1880	5.65e-40	161
PLMJLKIP_00109	Tn7247-MH734334	100.000	87	0	0	1	87	186	100	5.65e-40	161
PLMJLKIP_00109	Tn7247-MH734334	100.000	87	0	0	1	87	10941	11027	5.65e-40	161
PLMJLKIP_00109	Tn7098-MW390878	98.901	91	0	1	1	91	7140	7051	5.65e-40	161
PLMJLKIP_00109	Tn7098-MW390878	100.000	87	0	0	1	87	9000	8914	5.65e-40	161
PLMJLKIP_00109	Tn7095-MW390880	98.901	91	0	1	1	91	7140	7051	5.65e-40	161
PLMJLKIP_00109	Tn6925-CP076822	100.000	87	0	0	1	87	87	1	5.65e-40	161
PLMJLKIP_00109	Tn6925-CP076822	98.901	91	0	1	1	90	3015	2925	5.65e-40	161
PLMJLKIP_00109	Tn6668-MK670985	98.901	91	0	1	1	91	7140	7051	5.65e-40	161
PLMJLKIP_00109	Tn6214-KJ541071	100.000	87	0	0	1	87	7471	7385	5.65e-40	161
PLMJLKIP_00109	Tn6023-GU562437.2	100.000	87	0	0	1	87	734	820	5.65e-40	161
PLMJLKIP_00109	Tn6023-GU562437.2	100.000	87	0	0	1	87	1903	1817	5.65e-40	161
PLMJLKIP_00109	Tn6010-EU370913	100.000	87	0	0	1	87	87	1	5.65e-40	161
PLMJLKIP_00109	Tn6010-EU370913	100.000	87	0	0	1	87	6113	6027	5.65e-40	161
PLMJLKIP_00109	Tn5393.5-CP027411.1	100.000	87	0	0	1	87	4431	4517	5.65e-40	161
PLMJLKIP_00109	Tn4352-M20306	100.000	87	0	0	1	87	111	25	5.65e-40	161
PLMJLKIP_00109	Tn4352-M20306	100.000	87	0	0	1	87	1971	1885	5.65e-40	161
PLMJLKIP_00109	Tn2555.3-AY485150	100.000	87	0	0	1	87	87	1	5.65e-40	161
PLMJLKIP_00109	Tn2555.3-AY485150	100.000	87	0	0	1	87	5453	5539	5.65e-40	161
PLMJLKIP_00109	Tn2555.3-AY485150	100.000	87	0	0	1	87	13495	13409	5.65e-40	161
PLMJLKIP_00109	Tn21.2-MH626558	100.000	87	0	0	1	87	6113	6027	5.65e-40	161
PLMJLKIP_00109	Tn21.2-MH626558	100.000	87	0	0	1	87	19845	19759	5.65e-40	161
PLMJLKIP_00109	Tn21.2-MH626558	95.960	99	4	0	1	99	31127	31029	5.65e-40	161
PLMJLKIP_00109	Tn21.1-MH257753	100.000	87	0	0	1	87	6113	6027	5.65e-40	161
PLMJLKIP_00109	Tn21.1-MH257753	95.960	99	4	0	1	99	17395	17297	5.65e-40	161
PLMJLKIP_00109	Tn2000-AF205943	100.000	87	0	0	1	87	734	820	5.65e-40	161
PLMJLKIP_00109	Tn2000-AF205943	100.000	87	0	0	1	87	11152	11066	5.65e-40	161
PLMJLKIP_00109	Tn1935-MK797990	100.000	87	0	0	1	87	6113	6027	5.65e-40	161
PLMJLKIP_00109	Tn1935-MK797990	100.000	87	0	0	1	87	7973	7887	5.65e-40	161
PLMJLKIP_00109	Tn1412-L36547	100.000	87	0	0	1	87	8269	8183	5.65e-40	161
PLMJLKIP_00109	Tn1412-L36547	100.000	87	0	0	1	87	10129	10043	5.65e-40	161
PLMJLKIP_00109	In_pC52_003-CP042548	100.000	87	0	0	1	87	1480	1394	5.65e-40	161
PLMJLKIP_00109	In_Tn21.1-MH257753	100.000	87	0	0	1	87	1480	1394	5.65e-40	161
PLMJLKIP_00109	In_Tn1935-MK797990	100.000	87	0	0	1	87	1480	1394	5.65e-40	161
PLMJLKIP_00109	In_Tn1935-MK797990	100.000	87	0	0	1	87	3340	3254	5.65e-40	161
PLMJLKIP_00109	In34-AY123253	100.000	87	0	0	1	87	1480	1394	5.65e-40	161
PLMJLKIP_00109	In34-AY123253	98.889	90	1	0	1	90	3342	3253	5.65e-40	161
PLMJLKIP_00109	In32-L36547	100.000	87	0	0	1	87	5134	5220	5.65e-40	161
PLMJLKIP_00109	In32-L36547	100.000	87	0	0	1	87	6994	7080	5.65e-40	161
PLMJLKIP_00109	IS26.var1-GU562437.2	100.000	87	0	0	1	87	87	1	5.65e-40	161
PLMJLKIP_00109	IS26-X00011	100.000	87	0	0	1	87	87	1	5.65e-40	161
PLMJLKIP_00109	IS26-MH257753	100.000	87	0	0	1	87	87	1	5.65e-40	161
PLMJLKIP_00110	ISFinder_IS2	97.130	906	26	0	1	906	415	1320	0.0	1530
PLMJLKIP_00110	IS2-M18426	97.130	906	26	0	1	906	415	1320	0.0	1530
PLMJLKIP_00110	ISFinder_ISEc27	81.808	907	163	2	1	906	410	1315	0.0	760
PLMJLKIP_00110	ISFinder_ISEc36	80.617	908	172	4	1	906	410	1315	0.0	699
PLMJLKIP_00124	ISFinder_ISEc32	100.000	972	0	0	1	972	172	1143	0.0	1796
PLMJLKIP_00128	ISFinder_ISKpn24	99.424	347	2	0	1	347	483	829	0.0	630
PLMJLKIP_00128	ISFinder_ISEc22	98.851	348	4	0	1	348	483	830	2.94e-178	621
PLMJLKIP_00129	ISFinder_ISEc22	99.753	405	1	0	1	405	82	486	0.0	743
PLMJLKIP_00129	ISFinder_ISKpn24	99.259	405	3	0	1	405	82	486	0.0	732
PLMJLKIP_00152	ISFinder_IS1S	99.471	378	2	0	1	378	376	753	0.0	688
PLMJLKIP_00152	ISFinder_IS1A	99.471	378	2	0	1	378	376	753	0.0	688
PLMJLKIP_00152	Tn1681-CP026930	99.471	378	2	0	1	378	376	753	0.0	688
PLMJLKIP_00152	Tn1681-CP026930	99.471	378	2	0	1	378	1687	1310	0.0	688
PLMJLKIP_00152	ISFinder_IS1G	99.468	376	2	0	1	376	376	751	0.0	684
PLMJLKIP_00152	ISFinder_IS1R	98.677	378	5	0	1	378	376	753	0.0	671
PLMJLKIP_00152	Tn6375-KY978631	98.677	378	5	0	1	378	2994	2617	0.0	671
PLMJLKIP_00152	Tn6214-KJ541071	98.677	378	5	0	1	378	9030	8653	0.0	671
PLMJLKIP_00152	Tn2696-HE617182	98.677	378	5	0	1	378	393	16	0.0	671
PLMJLKIP_00152	Tn2696-HE617182	98.677	378	5	0	1	378	2304	2681	0.0	671
PLMJLKIP_00152	Tn2670-AP000342	98.677	378	5	0	1	378	376	753	0.0	671
PLMJLKIP_00152	Tn2670-AP000342	98.677	378	5	0	1	378	22368	22745	0.0	671
PLMJLKIP_00152	Tn21.2-MH626558	98.677	378	5	0	1	378	13282	13659	0.0	671
PLMJLKIP_00152	IS1R-J01730	98.677	378	5	0	1	378	376	753	0.0	671
PLMJLKIP_00152	Tn7246-	98.677	378	4	1	1	378	6934	7310	0.0	669
PLMJLKIP_00152	Tn7246-	98.413	378	6	0	1	378	393	16	0.0	665
PLMJLKIP_00152	ISFinder_IS1SD	98.413	378	6	0	1	378	376	753	0.0	665
PLMJLKIP_00152	ISFinder_IS1D	98.413	378	6	0	1	378	376	753	0.0	665
PLMJLKIP_00152	ISFinder_IS1B	98.413	378	6	0	1	378	376	753	0.0	665
PLMJLKIP_00152	Tn6339-MF344565	93.122	378	26	0	1	378	903	526	3.29e-158	555
PLMJLKIP_00152	ISFinder_IS1X2	91.799	378	31	0	1	378	376	753	7.18e-150	527
PLMJLKIP_00152	IS1X2-Z11605	91.799	378	31	0	1	378	376	753	7.18e-150	527
PLMJLKIP_00152	Tn2.1-CP028717	91.270	378	33	0	1	378	1614	1237	1.55e-146	516
PLMJLKIP_00152	ISFinder_IS1X4	91.005	378	34	0	1	378	376	753	7.23e-145	510
PLMJLKIP_00152	ISFinder_IS1X1	89.947	378	38	0	1	378	376	753	3.39e-138	488
PLMJLKIP_00152	ISFinder_IS1F	89.418	378	40	0	1	378	376	753	7.34e-135	477
PLMJLKIP_00152	ISFinder_IS1X3	87.831	378	46	0	1	378	377	754	7.44e-125	444
PLMJLKIP_00152	ISFinder_ISKpn14	87.566	378	47	0	1	378	376	753	3.46e-123	438
PLMJLKIP_00152	ISKpn14-CP000649	87.566	378	47	0	1	378	376	753	3.46e-123	438
PLMJLKIP_00168	ISFinder_ISKpn28	79.550	489	100	0	1	489	608	1096	2.53e-96	350
PLMJLKIP_00168	Tn7243-CP054380	95.890	73	3	0	489	561	11936	12008	7.76e-27	119
PLMJLKIP_00168	ISEc13-DQ388534	95.890	73	3	0	489	561	1427	1499	7.76e-27	119
PLMJLKIP_00168	ISFinder_ISEc13	94.521	73	4	0	489	561	124	52	3.61e-25	113
PLMJLKIP_00178	Tn2424-UGCJ01000005	94.565	184	10	0	1	184	11598	11415	2.73e-77	285
PLMJLKIP_00178	In21-UGCJ01000005	94.565	184	10	0	1	184	6965	6782	2.73e-77	285
PLMJLKIP_00178	ISEc37.1-UGCJ01000005	95.028	181	9	0	1	181	90	270	2.73e-77	285
PLMJLKIP_00178	IS1326_IS1353_ISEc37.1-UGCJ01000005	94.565	184	10	0	1	184	4287	4104	2.73e-77	285
PLMJLKIP_00178	ISFinder_ISEc37	94.475	181	10	0	1	181	89	269	1.27e-75	279
PLMJLKIP_00178	ISEc37-FJ914220	94.475	181	10	0	1	181	89	269	1.27e-75	279
PLMJLKIP_00178	ISFinder_IS91	92.818	181	13	0	1	181	89	269	1.28e-70	263
PLMJLKIP_00178	IS91-X17114	92.818	181	13	0	1	181	89	269	1.28e-70	263
PLMJLKIP_00216	ISFinder_ISEc23	99.582	957	4	0	70	1026	1546	2502	0.0	1746
PLMJLKIP_00216	ISFinder_ISEc23	100.000	76	0	0	1	76	889	964	3.08e-33	141
PLMJLKIP_00216	ISFinder_ISEc47	95.094	958	45	2	70	1026	1555	2511	0.0	1507
PLMJLKIP_00216	ISFinder_ISEc47	97.368	76	2	0	1	76	898	973	6.67e-30	130
PLMJLKIP_00216	ISFinder_IS682	94.572	958	50	2	70	1026	1547	2503	0.0	1480
PLMJLKIP_00216	ISFinder_IS682	93.421	76	5	0	1	76	890	965	6.72e-25	113
PLMJLKIP_00216	ISFinder_ISEc43	85.938	960	129	6	70	1026	1555	2511	0.0	1020
PLMJLKIP_00216	ISFinder_ISEc43	97.368	76	2	0	1	76	898	973	6.67e-30	130
PLMJLKIP_00217	ISFinder_ISEc23	99.430	351	2	0	1	351	508	858	0.0	638
PLMJLKIP_00217	ISFinder_ISEc47	92.877	351	25	0	1	351	517	867	6.71e-145	510
PLMJLKIP_00217	ISFinder_ISEc43	92.877	351	25	0	1	351	517	867	6.71e-145	510
PLMJLKIP_00217	ISFinder_IS682	92.023	351	28	0	1	351	509	859	6.75e-140	494
PLMJLKIP_00217	ISFinder_ISEcl6	85.185	351	52	0	1	351	495	845	7.15e-100	361
PLMJLKIP_00217	ISFinder_ISKox1	84.136	353	52	3	1	351	523	873	3.35e-93	339
PLMJLKIP_00218	ISFinder_ISEc23	99.765	426	1	0	1	426	86	511	0.0	782
PLMJLKIP_00218	ISFinder_IS682	84.935	385	58	0	42	426	128	512	1.12e-108	390
PLMJLKIP_00218	ISFinder_ISEc47	89.189	111	10	2	317	426	411	520	1.61e-32	137
PLMJLKIP_00218	ISFinder_ISEc43	89.189	111	10	2	317	426	411	520	1.61e-32	137
PLMJLKIP_00219	ISFinder_IS682	100.000	32	0	0	1	32	32	1	6.23e-09	60.2
PLMJLKIP_00219	ISFinder_ISEc23	100.000	32	0	0	1	32	32	1	6.23e-09	60.2
PLMJLKIP_00222	ISFinder_ISEc30	98.535	273	4	0	1	273	58	330	1.12e-136	483
PLMJLKIP_00222	ISFinder_IS1N	93.040	273	19	0	1	273	58	330	1.16e-111	399
PLMJLKIP_00223	ISFinder_ISEc30	98.485	396	6	0	1	396	357	752	0.0	699
PLMJLKIP_00223	ISFinder_IS1N	92.424	396	30	0	1	396	357	752	1.60e-161	566
PLMJLKIP_00226	Tn2424-UGCJ01000005	94.444	162	9	0	7	168	11687	11526	7.16e-67	250
PLMJLKIP_00226	In21-UGCJ01000005	94.444	162	9	0	7	168	7054	6893	7.16e-67	250
PLMJLKIP_00226	ISEc37.1-UGCJ01000005	94.444	162	9	0	7	168	1	162	7.16e-67	250
PLMJLKIP_00226	IS1326_IS1353_ISEc37.1-UGCJ01000005	94.444	162	9	0	7	168	4376	4215	7.16e-67	250
PLMJLKIP_00226	ISFinder_ISEc37	94.410	161	9	0	8	168	1	161	2.58e-66	248
PLMJLKIP_00226	ISEc37-FJ914220	94.410	161	9	0	8	168	1	161	2.58e-66	248
PLMJLKIP_00226	ISFinder_IS91	92.547	161	12	0	8	168	1	161	2.59e-61	231
PLMJLKIP_00226	IS91-X17114	92.547	161	12	0	8	168	1	161	2.59e-61	231
PLMJLKIP_00227	Tn2.1-CP028717	100.000	534	0	0	1	534	8413	8946	0.0	987
PLMJLKIP_00227	Tn7114.1-CP110861	99.625	534	2	0	1	534	40227	39694	0.0	976
PLMJLKIP_00227	Tn6339-MF344565	99.625	534	2	0	1	534	7899	8432	0.0	976
PLMJLKIP_00227	Tn6320-MF062700	99.625	534	2	0	1	534	7806	8339	0.0	976
PLMJLKIP_00227	Tn5393.9-KU987453.1	99.625	534	2	0	1	534	4433	4966	0.0	976
PLMJLKIP_00227	Tn5393.13-AB366441	99.625	534	2	0	1	534	6346	6879	0.0	976
PLMJLKIP_00227	Tn2-KT002541	99.625	534	2	0	1	534	4384	4917	0.0	976
PLMJLKIP_00227	Tn1331-KC354802.1	99.625	534	2	0	1	534	7430	7963	0.0	976
PLMJLKIP_00227	Tn1Mer-GQ160960.2	99.064	534	5	0	1	534	9925	10458	0.0	959
PLMJLKIP_00227	Tn1-NC_008357	99.064	534	5	0	1	534	4383	4916	0.0	959
PLMJLKIP_00227	Tn6214-KJ541071	97.940	534	11	0	1	534	36389	36922	0.0	926
PLMJLKIP_00227	Tn1332-DQ174113.1	97.940	534	11	0	1	534	10606	11139	0.0	926
PLMJLKIP_00227	ISFinder_Tn3	97.753	534	12	0	1	534	4382	4915	0.0	920
PLMJLKIP_00227	Tn7244-MK531543	97.753	534	12	0	1	534	13798	13265	0.0	920
PLMJLKIP_00227	Tn5393.7-LT827129.1	97.753	534	12	0	1	534	10276	10809	0.0	920
PLMJLKIP_00227	Tn4-KY749247.1	97.753	534	12	0	1	534	5400	5933	0.0	920
PLMJLKIP_00227	Tn3.1-KY749247.1	97.753	534	12	0	1	534	4382	4915	0.0	920
PLMJLKIP_00227	Tn3-V00613	97.753	534	12	0	1	534	4391	4924	0.0	920
PLMJLKIP_00228	Tn2.1-CP028717	98.913	276	3	0	1	276	1934	1659	5.21e-140	494
PLMJLKIP_00228	ISFinder_IS1X3	96.377	276	10	0	1	276	57	332	2.46e-128	455
PLMJLKIP_00228	ISFinder_IS1B	95.652	276	12	0	1	276	56	331	5.33e-125	444
PLMJLKIP_00228	ISFinder_IS1R	95.290	276	13	0	1	276	56	331	2.48e-123	438
PLMJLKIP_00228	ISFinder_IS1D	95.290	276	13	0	1	276	56	331	2.48e-123	438
PLMJLKIP_00228	Tn6375-KY978631	95.290	276	13	0	1	276	3314	3039	2.48e-123	438
PLMJLKIP_00228	Tn6214-KJ541071	95.290	276	13	0	1	276	9350	9075	2.48e-123	438
PLMJLKIP_00228	Tn2696-HE617182	95.290	276	13	0	1	276	713	438	2.48e-123	438
PLMJLKIP_00228	Tn2696-HE617182	95.290	276	13	0	1	276	1984	2259	2.48e-123	438
PLMJLKIP_00228	Tn2670-AP000342	95.290	276	13	0	1	276	56	331	2.48e-123	438
PLMJLKIP_00228	Tn2670-AP000342	95.290	276	13	0	1	276	22048	22323	2.48e-123	438
PLMJLKIP_00228	Tn21.2-MH626558	95.290	276	13	0	1	276	12962	13237	2.48e-123	438
PLMJLKIP_00228	IS1R-J01730	95.290	276	13	0	1	276	56	331	2.48e-123	438
PLMJLKIP_00228	ISFinder_IS1S	93.841	276	17	0	1	276	56	331	1.16e-116	416
PLMJLKIP_00228	ISFinder_IS1G	93.841	276	17	0	1	276	56	331	1.16e-116	416
PLMJLKIP_00228	ISFinder_IS1A	93.841	276	17	0	1	276	56	331	1.16e-116	416
PLMJLKIP_00228	Tn7246-	93.841	276	17	0	1	276	713	438	1.16e-116	416
PLMJLKIP_00228	Tn7246-	93.841	276	17	0	1	276	6614	6889	1.16e-116	416
PLMJLKIP_00228	Tn1681-CP026930	93.841	276	17	0	1	276	56	331	1.16e-116	416
PLMJLKIP_00228	Tn1681-CP026930	93.841	276	17	0	1	276	2007	1732	1.16e-116	416
PLMJLKIP_00228	ISFinder_IS1SD	93.478	276	18	0	1	276	56	331	5.40e-115	411
PLMJLKIP_00228	ISFinder_IS1X4	92.391	276	21	0	1	276	56	331	5.44e-110	394
PLMJLKIP_00228	Tn6339-MF344565	92.391	276	13	1	1	276	1215	948	9.10e-108	387
PLMJLKIP_00228	ISFinder_IS1X2	91.667	276	23	0	1	276	56	331	1.18e-106	383
PLMJLKIP_00228	IS1X2-Z11605	91.667	276	23	0	1	276	56	331	1.18e-106	383
PLMJLKIP_00228	ISFinder_IS1F	90.942	276	25	0	1	276	56	331	2.55e-103	372
PLMJLKIP_00228	ISFinder_IS1X1	90.580	276	26	0	1	276	56	331	1.19e-101	366
PLMJLKIP_00228	ISFinder_ISKpn14	87.365	277	33	2	1	276	56	331	1.21e-86	316
PLMJLKIP_00228	ISKpn14-CP000649	87.365	277	33	2	1	276	56	331	1.21e-86	316
PLMJLKIP_00246	ISFinder_IS640	99.383	324	2	0	1	324	102	425	3.07e-168	588
PLMJLKIP_00246	ISFinder_IS640	100.000	34	0	0	324	357	1965	1998	2.30e-10	63.9
PLMJLKIP_00246	ISFinder_IS21	99.074	324	3	0	1	324	102	425	1.43e-166	582
PLMJLKIP_00246	ISFinder_IS21	100.000	34	0	0	324	357	1965	1998	2.30e-10	63.9
PLMJLKIP_00246	ISFinder_ISEc62	84.520	323	50	0	1	323	2024	1702	1.24e-87	320
PLMJLKIP_00247	ISFinder_IS21	100.000	61	0	0	1	61	61	1	1.85e-25	113
PLMJLKIP_00247	ISFinder_IS640	98.361	61	1	0	1	61	61	1	8.59e-24	108
PLMJLKIP_00247	ISFinder_ISEc62	96.721	61	2	0	1	61	2065	2125	4.00e-22	102
PLMJLKIP_00256	ISFinder_IS91	95.902	366	14	1	1	366	89	453	2.43e-169	592
PLMJLKIP_00256	IS91-X17114	95.902	366	14	1	1	366	89	453	2.43e-169	592
PLMJLKIP_00256	Tn2424-UGCJ01000005	95.355	366	17	0	1	366	11598	11233	1.46e-166	582
PLMJLKIP_00256	In21-UGCJ01000005	95.355	366	17	0	1	366	6965	6600	1.46e-166	582
PLMJLKIP_00256	ISEc37.1-UGCJ01000005	95.355	366	17	0	1	366	90	455	1.46e-166	582
PLMJLKIP_00256	IS1326_IS1353_ISEc37.1-UGCJ01000005	95.355	366	17	0	1	366	4287	3922	1.46e-166	582
PLMJLKIP_00256	ISFinder_ISEc37	91.530	366	31	0	1	366	89	454	3.25e-143	505
PLMJLKIP_00256	ISEc37-FJ914220	91.530	366	31	0	1	366	89	454	3.25e-143	505
PLMJLKIP_00257	ISFinder_ISEc37	92.291	934	62	7	1	924	454	1387	0.0	1317
PLMJLKIP_00257	ISEc37-FJ914220	92.291	934	62	7	1	924	454	1387	0.0	1317
PLMJLKIP_00257	Tn2424-UGCJ01000005	91.435	934	70	7	1	924	11233	10300	0.0	1273
PLMJLKIP_00257	In21-UGCJ01000005	91.435	934	70	7	1	924	6600	5667	0.0	1273
PLMJLKIP_00257	ISEc37.1-UGCJ01000005	91.435	934	70	7	1	924	455	1388	0.0	1273
PLMJLKIP_00257	IS1326_IS1353_ISEc37.1-UGCJ01000005	91.435	934	70	7	1	924	3922	2989	0.0	1273
PLMJLKIP_00257	ISFinder_IS91	91.113	934	73	7	1	924	453	1386	0.0	1256
PLMJLKIP_00257	IS91-X17114	91.113	934	73	7	1	924	453	1386	0.0	1256
PLMJLKIP_00258	ISFinder_IS91	95.420	262	11	1	1	261	1380	1641	1.09e-116	416
PLMJLKIP_00258	IS91-X17114	95.420	262	11	1	1	261	1380	1641	1.09e-116	416
PLMJLKIP_00258	ISFinder_ISEc37	90.038	261	26	0	1	261	1381	1641	2.43e-93	339
PLMJLKIP_00258	ISEc37-FJ914220	90.038	261	26	0	1	261	1381	1641	2.43e-93	339
PLMJLKIP_00258	Tn2424-UGCJ01000005	89.272	261	28	0	1	261	10306	10046	5.27e-90	327
PLMJLKIP_00258	In21-UGCJ01000005	89.272	261	28	0	1	261	5673	5413	5.27e-90	327
PLMJLKIP_00258	ISEc37.1-UGCJ01000005	89.272	261	28	0	1	261	1382	1642	5.27e-90	327
PLMJLKIP_00258	IS1326_IS1353_ISEc37.1-UGCJ01000005	89.272	261	28	0	1	261	2995	2735	5.27e-90	327
PLMJLKIP_00278	ISFinder_ISEc31	100.000	39	0	0	358	396	1258	1220	4.25e-13	73.1
PLMJLKIP_00301	ISFinder_ISEc45	90.850	306	21	2	1	300	62	366	9.89e-113	403
PLMJLKIP_00364	ISFinder_ISPa42	76.712	438	100	2	97	533	8736	9172	2.56e-63	243
PLMJLKIP_00364	TnPa42-CP003149	76.712	438	100	2	97	533	8736	9172	2.56e-63	243
PLMJLKIP_00406	ISFinder_IS1G	99.638	276	1	0	1	276	56	331	2.41e-143	505
PLMJLKIP_00406	ISFinder_IS1A	99.638	276	1	0	1	276	56	331	2.41e-143	505
PLMJLKIP_00406	Tn1681-CP026930	99.638	276	1	0	1	276	56	331	2.41e-143	505
PLMJLKIP_00406	Tn1681-CP026930	99.275	276	2	0	1	276	2007	1732	1.12e-141	499
PLMJLKIP_00406	Tn7246-	99.275	276	2	0	1	276	6614	6889	1.12e-141	499
PLMJLKIP_00406	Tn7246-	98.913	276	3	0	1	276	713	438	5.21e-140	494
PLMJLKIP_00406	ISFinder_IS1S	98.551	276	4	0	1	276	56	331	2.43e-138	488
PLMJLKIP_00406	ISFinder_IS1SD	98.188	276	5	0	1	276	56	331	1.13e-136	483
PLMJLKIP_00406	ISFinder_IS1R	98.188	276	5	0	1	276	56	331	1.13e-136	483
PLMJLKIP_00406	ISFinder_IS1D	98.188	276	5	0	1	276	56	331	1.13e-136	483
PLMJLKIP_00406	Tn6375-KY978631	98.188	276	5	0	1	276	3314	3039	1.13e-136	483
PLMJLKIP_00406	Tn6214-KJ541071	98.188	276	5	0	1	276	9350	9075	1.13e-136	483
PLMJLKIP_00406	Tn2696-HE617182	98.188	276	5	0	1	276	713	438	1.13e-136	483
PLMJLKIP_00406	Tn2696-HE617182	98.188	276	5	0	1	276	1984	2259	1.13e-136	483
PLMJLKIP_00406	Tn2670-AP000342	98.188	276	5	0	1	276	56	331	1.13e-136	483
PLMJLKIP_00406	Tn2670-AP000342	98.188	276	5	0	1	276	22048	22323	1.13e-136	483
PLMJLKIP_00406	Tn21.2-MH626558	98.188	276	5	0	1	276	12962	13237	1.13e-136	483
PLMJLKIP_00406	IS1R-J01730	98.188	276	5	0	1	276	56	331	1.13e-136	483
PLMJLKIP_00406	ISFinder_IS1B	97.826	276	6	0	1	276	56	331	5.25e-135	477
PLMJLKIP_00406	ISFinder_IS1X2	96.377	276	10	0	1	276	56	331	2.46e-128	455
PLMJLKIP_00406	IS1X2-Z11605	96.377	276	10	0	1	276	56	331	2.46e-128	455
PLMJLKIP_00406	Tn6339-MF344565	95.290	276	5	1	1	276	1215	948	4.15e-121	431
PLMJLKIP_00406	Tn2.1-CP028717	94.565	276	15	0	1	276	1934	1659	5.36e-120	427
PLMJLKIP_00406	ISFinder_IS1X3	93.478	276	18	0	1	276	57	332	5.40e-115	411
PLMJLKIP_00406	ISFinder_IS1X4	92.391	276	21	0	1	276	56	331	5.44e-110	394
PLMJLKIP_00406	ISFinder_IS1F	90.942	276	25	0	1	276	56	331	2.55e-103	372
PLMJLKIP_00406	ISFinder_IS1X1	90.580	276	26	0	1	276	56	331	1.19e-101	366
PLMJLKIP_00406	ISFinder_ISKpn14	85.199	277	39	2	1	276	56	331	1.23e-76	283
PLMJLKIP_00406	ISKpn14-CP000649	85.199	277	39	2	1	276	56	331	1.23e-76	283
PLMJLKIP_00466	ISFinder_IS1397	97.015	603	18	0	1	603	798	1400	0.0	1014
PLMJLKIP_00467	ISFinder_IS1397	97.037	135	4	0	1	135	439	573	2.62e-60	228
PLMJLKIP_00578	ISFinder_ISEc1	97.300	1074	29	0	1	1074	208	1281	0.0	1823
PLMJLKIP_00578	ISFinder_ISEc5	97.111	1073	31	0	2	1074	209	1281	0.0	1810
PLMJLKIP_00698	TnpRSB105-DQ839391.1	100.000	1014	0	0	1	1014	6731	7744	0.0	1873
PLMJLKIP_00698	Tn7255-CP010893	100.000	1014	0	0	1	1014	3780	4793	0.0	1873
PLMJLKIP_00698	Tn6299-KU736875	100.000	1014	0	0	1	1014	12857	13870	0.0	1873
PLMJLKIP_00698	Tn6299-KU736875	100.000	179	0	0	836	1014	16980	16802	1.68e-90	331
PLMJLKIP_00698	Tn6007-EU591509.1	100.000	1014	0	0	1	1014	6040	7053	0.0	1873
PLMJLKIP_00698	Tn6006-EU591509.1	100.000	1014	0	0	1	1014	14517	15530	0.0	1873
PLMJLKIP_00698	Tn6005-EU591509.1	100.000	1014	0	0	1	1014	18859	19872	0.0	1873
PLMJLKIP_00698	Tn5045-FN821089.1	100.000	1014	0	0	1	1014	16977	17990	0.0	1873
PLMJLKIP_00698	Tn402.10-CP040126	100.000	1014	0	0	1	1014	7010	8023	0.0	1873
PLMJLKIP_00698	In_pP10164-3-KX710094	100.000	1014	0	0	1	1014	31781	32794	0.0	1873
PLMJLKIP_00698	In_pP10164-3-KX710094	99.749	798	2	0	1	798	14341	15138	0.0	1463
PLMJLKIP_00698	In_pP10164-3-KX710094	100.000	224	0	0	791	1014	20524	20747	1.63e-115	414
PLMJLKIP_00698	In_Tn5045-FN821089.1	100.000	1014	0	0	1	1014	12878	13891	0.0	1873
PLMJLKIP_00698	In37-AY259086	100.000	1014	0	0	1	1014	11973	12986	0.0	1873
PLMJLKIP_00698	In36-AY259085	100.000	1014	0	0	1	1014	10332	11345	0.0	1873
PLMJLKIP_00698	In1-AY046276	100.000	1014	0	0	1	1014	5203	6216	0.0	1873
PLMJLKIP_00698	ISFinder_TnAs3	99.901	1014	1	0	1	1014	13481	14494	0.0	1868
PLMJLKIP_00698	ISFinder_TnAs3	99.806	516	1	0	1	516	10322	10837	0.0	948
PLMJLKIP_00698	TnpHS87a-KR106190.1	99.901	1014	1	0	1	1014	5509	6522	0.0	1868
PLMJLKIP_00698	TnAs3-CP000645.1	99.901	1014	1	0	1	1014	13481	14494	0.0	1868
PLMJLKIP_00698	TnAs3-CP000645.1	99.806	516	1	0	1	516	10322	10837	0.0	948
PLMJLKIP_00698	Tn7258-JX235356	99.901	1014	1	0	1	1014	5941	6954	0.0	1868
PLMJLKIP_00698	Tn7257-JF810083	99.901	1014	1	0	1	1014	4751	5764	0.0	1868
PLMJLKIP_00698	Tn7256-FJ711439	99.901	1014	1	0	1	1014	6595	7608	0.0	1868
PLMJLKIP_00698	Tn7114.1-CP110861	99.901	1014	1	0	1	1014	11777	12790	0.0	1868
PLMJLKIP_00698	Tn7114.1-CP110861	99.901	1014	1	0	1	1014	34351	35364	0.0	1868
PLMJLKIP_00698	Tn6352-KX889311	99.901	1014	1	0	1	1014	7553	8566	0.0	1868
PLMJLKIP_00698	Tn6321-KY270852	99.901	1014	1	0	1	1014	15086	16099	0.0	1868
PLMJLKIP_00698	Tn6214-KJ541071	99.901	1014	1	0	1	1014	27741	28754	0.0	1868
PLMJLKIP_00698	Tn6112-HQ423158.1	99.901	1014	1	0	1	1014	6113	7126	0.0	1868
PLMJLKIP_00698	Tn6025-GU562437	99.901	1014	1	0	1	1014	8415	9428	0.0	1868
PLMJLKIP_00698	Tn6001_p-EF138817.1	99.901	1014	1	0	1	1014	9748	10761	0.0	1868
PLMJLKIP_00698	Tn5090-AM993098	99.901	1014	1	0	1	1014	6829	7842	0.0	1868
PLMJLKIP_00698	Tn5086-CP054343	99.901	1014	1	0	1	1014	10087	11100	0.0	1868
PLMJLKIP_00698	Tn402.5-MH392234	99.901	1014	1	0	1	1014	5870	6883	0.0	1868
PLMJLKIP_00698	Tn402.4-MW150990	99.901	1014	1	0	1	1014	5750	6763	0.0	1868
PLMJLKIP_00698	Tn402.3-CP063457	99.901	1014	1	0	1	1014	6421	7434	0.0	1868
PLMJLKIP_00698	Tn402.1-GQ857074.1	99.901	1014	1	0	1	1014	6418	7431	0.0	1868
PLMJLKIP_00698	Tn402-U67194.4	99.901	1014	1	0	1	1014	6185	7198	0.0	1868
PLMJLKIP_00698	Tn4-KY749247.1	99.901	1014	1	0	1	1014	17755	18768	0.0	1868
PLMJLKIP_00698	Tn2670-AP000342	99.901	1014	1	0	1	1014	15244	16257	0.0	1868
PLMJLKIP_00698	Tn2424-UGCJ01000005	99.901	1014	1	0	1	1014	20754	21767	0.0	1868
PLMJLKIP_00698	Tn2411-FN554766	99.901	1014	1	0	1	1014	12801	13814	0.0	1868
PLMJLKIP_00698	Tn21.3-GQ293498.1	99.901	1014	1	0	1	1014	11943	12956	0.0	1868
PLMJLKIP_00698	Tn21-AF071413	99.901	1014	1	0	1	1014	14418	15431	0.0	1868
PLMJLKIP_00698	Tn1935-MK797990	99.901	1014	1	0	1	1014	18110	19123	0.0	1868
PLMJLKIP_00698	Tn1412-L36547	99.901	1014	1	0	1	1014	2285	1272	0.0	1868
PLMJLKIP_00698	In_TnAs3-CP000645.1	99.901	1014	1	0	1	1014	8848	9861	0.0	1868
PLMJLKIP_00698	In_TnAs3-CP000645.1	99.806	516	1	0	1	516	5689	6204	0.0	948
PLMJLKIP_00698	In_Tn7114-CP110861	99.901	1014	1	0	1	1014	7144	8157	0.0	1868
PLMJLKIP_00698	In_Tn6025-GU562437	99.901	1014	1	0	1	1014	4096	5109	0.0	1868
PLMJLKIP_00698	In_Tn4-KY749247.1	99.901	1014	1	0	1	1014	8169	9182	0.0	1868
PLMJLKIP_00698	In_Tn1935-MK797990	99.901	1014	1	0	1	1014	13477	14490	0.0	1868
PLMJLKIP_00698	In844-KY270852	99.901	1014	1	0	1	1014	10803	11816	0.0	1868
PLMJLKIP_00698	In70_p-AJ969235	99.901	1014	1	0	1	1014	4051	5064	0.0	1868
PLMJLKIP_00698	In7-L06418	99.901	1014	1	0	1	1014	6485	7498	0.0	1868
PLMJLKIP_00698	In6_p-L06822	99.901	1014	1	0	1	1014	9722	10735	0.0	1868
PLMJLKIP_00698	In60-AF174129	99.901	1014	1	0	1	1014	11837	12850	0.0	1868
PLMJLKIP_00698	In58-KX889311	99.901	1014	1	0	1	1014	7553	8566	0.0	1868
PLMJLKIP_00698	In450-EF138817	99.901	1014	1	0	1	1014	6357	7370	0.0	1868
PLMJLKIP_00698	In40-AF034958	99.901	1014	1	0	1	1014	5440	6453	0.0	1868
PLMJLKIP_00698	In34-AY123253	99.901	1014	1	0	1	1014	16315	17328	0.0	1868
PLMJLKIP_00698	In336-KP873172	99.901	1014	1	0	1	1014	2774	3787	0.0	1868
PLMJLKIP_00698	In33-AF313471	99.901	1014	1	0	1	1014	5752	6765	0.0	1868
PLMJLKIP_00698	In32-L36547	99.901	1014	1	0	1	1014	12978	13991	0.0	1868
PLMJLKIP_00698	In2_IS1326_IS1353-AF071413	99.901	1014	1	0	1	1014	9785	10798	0.0	1868
PLMJLKIP_00698	In22-CP054343	99.901	1014	1	0	1	1014	5454	6467	0.0	1868
PLMJLKIP_00698	In21-UGCJ01000005	99.901	1014	1	0	1	1014	16121	17134	0.0	1868
PLMJLKIP_00698	In2-AF071413	99.901	1014	1	0	1	1014	9785	10798	0.0	1868
PLMJLKIP_00698	In1573-MK047610	99.901	1014	1	0	1	1014	8063	9076	0.0	1868
PLMJLKIP_00698	In104-AY463797	99.901	1014	1	0	1	1014	4196	5209	0.0	1868
PLMJLKIP_00698	In0-U49101	99.901	1014	1	0	1	1014	7310	8323	0.0	1868
PLMJLKIP_00698	TnpTB11-AJ744860.1	99.803	1014	2	0	1	1014	6601	7614	0.0	1862
PLMJLKIP_00698	Tn7017-NC_022242.1	99.803	1014	2	0	1	1014	8114	9127	0.0	1862
PLMJLKIP_00698	Tn6375-KY978631	99.803	1014	2	0	1	1014	13830	14843	0.0	1862
PLMJLKIP_00698	Tn402.8-MF490433	99.803	1014	2	0	1	1014	6414	7427	0.0	1862
PLMJLKIP_00698	Tn402.6-KT345947	99.803	1014	2	0	1	1014	7566	8579	0.0	1862
PLMJLKIP_00698	Tn402.2-CP045551	99.803	1014	2	0	1	1014	7776	8789	0.0	1862
PLMJLKIP_00698	Tn21.2-MH626558	99.803	1014	2	0	1	1014	29318	30331	0.0	1862
PLMJLKIP_00698	Tn21.1-MH257753	99.803	1014	2	0	1	1014	15586	16599	0.0	1862
PLMJLKIP_00698	Tn1403-AF313472	99.803	1014	2	0	1	1014	14679	15692	0.0	1862
PLMJLKIP_00698	In_pC52_003-CP042548	99.803	1014	2	0	1	1014	18422	19435	0.0	1862
PLMJLKIP_00698	In_Tn21.1-MH257753	99.803	1014	2	0	1	1014	10953	11966	0.0	1862
PLMJLKIP_00698	InS21-AJ311891	99.803	1014	2	0	1	1014	9565	10578	0.0	1862
PLMJLKIP_00698	In992-MF344578	99.803	1014	2	0	1	1014	2156	3169	0.0	1862
PLMJLKIP_00698	In781_p-CP003505	99.803	1014	2	0	1	1014	3155	4168	0.0	1862
PLMJLKIP_00698	In73-KY978631	99.803	1014	2	0	1	1014	6334	7347	0.0	1862
PLMJLKIP_00698	In31-AJ223604	99.803	1014	2	0	1	1014	8228	9241	0.0	1862
PLMJLKIP_00698	In28-AF313472	99.803	1014	2	0	1	1014	5051	6064	0.0	1862
PLMJLKIP_00698	In1223-KX784502	99.803	1014	2	0	1	1014	7566	8579	0.0	1862
PLMJLKIP_00698	In1187-KT070138	99.803	1014	2	0	1	1014	6892	7905	0.0	1862
PLMJLKIP_00698	Tn1721.1-HQ730118.1	99.704	1015	1	2	1	1014	7388	8401	0.0	1857
PLMJLKIP_00698	Tn1696-U12338.3	99.704	1014	3	0	1	1014	11434	12447	0.0	1857
PLMJLKIP_00698	In_Tn1721.1-HQ730118.1	99.704	1015	1	2	1	1014	5457	6470	0.0	1857
PLMJLKIP_00698	In4-U12338.3	99.704	1014	3	0	1	1014	7115	8128	0.0	1857
PLMJLKIP_00698	In1572-MK047608	99.704	1014	3	0	1	1014	7270	8283	0.0	1857
PLMJLKIP_00698	TnCfrpOZ172-CP016763.1	99.606	1014	4	0	1	1014	3188	2175	0.0	1851
PLMJLKIP_00698	In_TnCfrpOZ172-CP016763.1	99.606	1014	4	0	1	1014	7846	8859	0.0	1851
PLMJLKIP_00698	In893-LC155907	99.606	1014	1	1	1	1014	1822	2832	0.0	1847
PLMJLKIP_00698	Tn610-X53635	99.887	884	1	0	1	884	1763	880	0.0	1628
PLMJLKIP_00698	In1297-MK047609	99.885	867	1	0	1	867	9120	9986	0.0	1596
PLMJLKIP_00698	In1297-MK047609	95.455	44	2	0	971	1014	9980	10023	4.05e-12	71.3
PLMJLKIP_00698	Tn7250-KT897470.1	100.000	828	0	0	1	828	1716	889	0.0	1530
PLMJLKIP_00698	Tn6308-KX710094	99.749	798	2	0	1	798	20300	21097	0.0	1463
PLMJLKIP_00698	Tn6308-KX710094	100.000	224	0	0	791	1014	26483	26706	1.63e-115	414
PLMJLKIP_00698	TnXorYNA12-HQ662557.1	99.341	607	2	2	409	1014	6815	7420	0.0	1098
PLMJLKIP_00698	In39-AY740681	100.000	468	0	0	1	468	7879	8346	0.0	865
PLMJLKIP_00698	In38-AY162283	99.593	246	1	0	1	246	6935	7180	4.46e-126	449
PLMJLKIP_00698	Tn2000-AF205943	98.507	67	1	0	1	67	884	818	1.43e-26	119
PLMJLKIP_00698	In53-AF205943.1	100.000	64	0	0	1	64	10182	10245	1.43e-26	119
PLMJLKIP_00699	INTEGRALL-dfrA17-AF169041	100.000	474	0	0	1	474	22	495	0.0	876
PLMJLKIP_00699	INTEGRALL-dfrA7-X58425	91.139	474	42	0	1	474	22	495	0.0	643
PLMJLKIP_00699	Tn5086-CP054343	91.139	474	42	0	1	474	9929	9456	0.0	643
PLMJLKIP_00699	In22-CP054343	91.139	474	42	0	1	474	5296	4823	0.0	643
PLMJLKIP_00699	INTEGRALL-dfrA32-GU067642	90.717	474	44	0	1	474	22	495	0.0	632
PLMJLKIP_00700	INTEGRALL-aadA5-AF170088	100.000	789	0	0	1	789	10	798	0.0	1458
PLMJLKIP_00700	Tn6214-KJ541071	99.620	789	3	0	1	789	5675	4887	0.0	1441
PLMJLKIP_00700	INTEGRALL-aadA4-Z50802	94.930	789	40	0	1	789	13	801	0.0	1236
PLMJLKIP_00701	ISFinder_TnAs3	100.000	348	0	0	1	348	9221	8874	0.0	643
PLMJLKIP_00701	TnpRSB105-DQ839391.1	100.000	348	0	0	1	348	4593	4246	0.0	643
PLMJLKIP_00701	TnAs3-CP000645.1	100.000	348	0	0	1	348	9221	8874	0.0	643
PLMJLKIP_00701	Tn7258-JX235356	100.000	348	0	0	1	348	3620	3273	0.0	643
PLMJLKIP_00701	Tn7257-JF810083	100.000	348	0	0	1	348	3620	3273	0.0	643
PLMJLKIP_00701	Tn7256-FJ711439	100.000	348	0	0	1	348	3620	3273	0.0	643
PLMJLKIP_00701	Tn7255-CP010893	100.000	348	0	0	1	348	1888	1541	0.0	643
PLMJLKIP_00701	Tn7098-MW390878	100.000	348	0	0	1	348	21267	20920	0.0	643
PLMJLKIP_00701	Tn7098-MW390878	99.298	285	2	0	64	348	12224	11940	1.43e-146	516
PLMJLKIP_00701	Tn7095-MW390880	100.000	348	0	0	1	348	10796	10449	0.0	643
PLMJLKIP_00701	Tn7017-NC_022242.1	100.000	348	0	0	1	348	4588	4241	0.0	643
PLMJLKIP_00701	Tn6352-KX889311	100.000	348	0	0	1	348	4593	4246	0.0	643
PLMJLKIP_00701	Tn6321-KY270852	100.000	348	0	0	1	348	12964	12617	0.0	643
PLMJLKIP_00701	Tn6308-KX710094	100.000	348	0	0	1	348	16964	16617	0.0	643
PLMJLKIP_00701	Tn6214-KJ541071	100.000	348	0	0	1	348	3166	2819	0.0	643
PLMJLKIP_00701	Tn6214-KJ541071	100.000	348	0	0	1	348	25540	25193	0.0	643
PLMJLKIP_00701	Tn6025-GU562437	100.000	348	0	0	1	348	7602	7255	0.0	643
PLMJLKIP_00701	Tn6001_p-EF138817.1	100.000	348	0	0	1	348	5619	5272	0.0	643
PLMJLKIP_00701	Tn5086-CP054343	100.000	348	0	0	1	348	9226	8879	0.0	643
PLMJLKIP_00701	Tn5045-FN821089.1	100.000	348	0	0	1	348	15876	15529	0.0	643
PLMJLKIP_00701	Tn4-KY749247.1	100.000	348	0	0	1	348	16651	16304	0.0	643
PLMJLKIP_00701	Tn2670-AP000342	100.000	348	0	0	1	348	14140	13793	0.0	643
PLMJLKIP_00701	Tn2424-UGCJ01000005	100.000	348	0	0	1	348	15143	14796	0.0	643
PLMJLKIP_00701	Tn2411-FN554766	100.000	348	0	0	1	348	11697	11350	0.0	643
PLMJLKIP_00701	Tn21.3-GQ293498.1	100.000	348	0	0	1	348	11698	11351	0.0	643
PLMJLKIP_00701	Tn21-AF071413	100.000	348	0	0	1	348	13314	12967	0.0	643
PLMJLKIP_00701	Tn2000-AF205943	100.000	348	0	0	1	348	9048	9395	0.0	643
PLMJLKIP_00701	Tn1935-MK797990	100.000	348	0	0	1	348	16002	15655	0.0	643
PLMJLKIP_00701	Tn1696-U12338.3	100.000	348	0	0	1	348	7926	7579	0.0	643
PLMJLKIP_00701	Tn1412-L36547	100.000	348	0	0	1	348	5424	5771	0.0	643
PLMJLKIP_00701	In_pP10164-3-KX710094	100.000	348	0	0	1	348	11005	10658	0.0	643
PLMJLKIP_00701	In_pP10164-3-KX710094	100.000	348	0	0	1	348	29769	29422	0.0	643
PLMJLKIP_00701	In_pP10164-3-KX710094	100.000	208	0	0	141	348	21996	21789	4.20e-107	385
PLMJLKIP_00701	In_pC52_003-CP042548	100.000	348	0	0	1	348	15400	15053	0.0	643
PLMJLKIP_00701	In_pC52_003-CP042548	100.000	205	0	0	144	348	9536	9332	1.96e-105	379
PLMJLKIP_00701	In_TnAs3-CP000645.1	100.000	348	0	0	1	348	4588	4241	0.0	643
PLMJLKIP_00701	In_Tn7095-MW390880	100.000	348	0	0	1	348	1209	862	0.0	643
PLMJLKIP_00701	In_Tn6025-GU562437	100.000	348	0	0	1	348	3283	2936	0.0	643
PLMJLKIP_00701	In_Tn5045-FN821089.1	100.000	348	0	0	1	348	11777	11430	0.0	643
PLMJLKIP_00701	In_Tn4-KY749247.1	100.000	348	0	0	1	348	7065	6718	0.0	643
PLMJLKIP_00701	In_Tn1935-MK797990	100.000	348	0	0	1	348	11369	11022	0.0	643
PLMJLKIP_00701	InS21-AJ311891	100.000	348	0	0	1	348	1912	1565	0.0	643
PLMJLKIP_00701	InS21-AJ311891	100.000	348	0	0	1	348	7496	7149	0.0	643
PLMJLKIP_00701	In844-KY270852	100.000	348	0	0	1	348	8681	8334	0.0	643
PLMJLKIP_00701	In781_p-CP003505	100.000	348	0	0	1	348	1809	1462	0.0	643
PLMJLKIP_00701	In70_p-AJ969235	100.000	348	0	0	1	348	522	175	0.0	643
PLMJLKIP_00701	In7-L06418	100.000	348	0	0	1	348	1541	1194	0.0	643
PLMJLKIP_00701	In7-L06418	100.000	348	0	0	1	348	5649	5302	0.0	643
PLMJLKIP_00701	In6_p-L06822	100.000	348	0	0	1	348	7982	7635	0.0	643
PLMJLKIP_00701	In6_p-L06822	100.000	208	0	0	141	348	2312	2105	4.20e-107	385
PLMJLKIP_00701	In60-AF174129	100.000	348	0	0	1	348	10147	9800	0.0	643
PLMJLKIP_00701	In60-AF174129	99.425	348	2	0	1	348	442	95	0.0	632
PLMJLKIP_00701	In58-KX889311	100.000	348	0	0	1	348	4593	4246	0.0	643
PLMJLKIP_00701	In53-AF205943.1	100.000	348	0	0	1	348	2018	1671	0.0	643
PLMJLKIP_00701	In450-EF138817	100.000	348	0	0	1	348	2228	1881	0.0	643
PLMJLKIP_00701	In40-AF034958	100.000	348	0	0	1	348	1541	1194	0.0	643
PLMJLKIP_00701	In4-U12338.3	100.000	348	0	0	1	348	3607	3260	0.0	643
PLMJLKIP_00701	In39-AY740681	100.000	348	0	0	1	348	4693	4346	0.0	643
PLMJLKIP_00701	In38-AY162283	100.000	348	0	0	1	348	5047	4700	0.0	643
PLMJLKIP_00701	In38-AY162283	100.000	208	0	0	141	348	751	544	4.20e-107	385
PLMJLKIP_00701	In37-AY259086	100.000	348	0	0	1	348	8636	8289	0.0	643
PLMJLKIP_00701	In37-AY259086	100.000	277	0	0	72	348	3215	2939	1.85e-145	512
PLMJLKIP_00701	In36-AY259085	100.000	348	0	0	1	348	8643	8296	0.0	643
PLMJLKIP_00701	In36-AY259085	100.000	277	0	0	72	348	3215	2939	1.85e-145	512
PLMJLKIP_00701	In34-AY123253	100.000	348	0	0	1	348	11371	11024	0.0	643
PLMJLKIP_00701	In34-AY123253	100.000	348	0	0	1	348	15479	15132	0.0	643
PLMJLKIP_00701	In33-AF313471	100.000	348	0	0	1	348	3607	3260	0.0	643
PLMJLKIP_00701	In32-L36547	100.000	348	0	0	1	348	9839	9492	0.0	643
PLMJLKIP_00701	In31-AJ223604	100.000	348	0	0	1	348	4515	4168	0.0	643
PLMJLKIP_00701	In2_IS1326_IS1353-AF071413	100.000	348	0	0	1	348	8681	8334	0.0	643
PLMJLKIP_00701	In22-CP054343	100.000	348	0	0	1	348	4593	4246	0.0	643
PLMJLKIP_00701	In21-UGCJ01000005	100.000	348	0	0	1	348	10510	10163	0.0	643
PLMJLKIP_00701	In2-AF071413	100.000	348	0	0	1	348	8681	8334	0.0	643
PLMJLKIP_00701	In1573-MK047610	100.000	348	0	0	1	348	4278	3931	0.0	643
PLMJLKIP_00701	In1572-MK047608	100.000	348	0	0	1	348	4278	3931	0.0	643
PLMJLKIP_00701	In1297-MK047609	100.000	348	0	0	1	348	4278	3931	0.0	643
PLMJLKIP_00701	In104-AY463797	100.000	348	0	0	1	348	2525	2178	0.0	643
PLMJLKIP_00701	In1-AY046276	100.000	348	0	0	1	348	2030	1683	0.0	643
PLMJLKIP_00701	In0-U49101	100.000	348	0	0	1	348	7065	6718	0.0	643
PLMJLKIP_00701	Tn1403-AF313472	99.695	328	1	0	1	328	10985	10658	3.83e-172	601
PLMJLKIP_00701	In28-AF313472	99.695	328	1	0	1	328	1357	1030	3.83e-172	601
PLMJLKIP_00701	INTEGRALL-qacE-X72585	100.000	282	0	0	1	282	109	390	3.07e-148	521
PLMJLKIP_00701	Tn402.5-MH392234	99.649	285	1	0	1	285	5212	4928	3.07e-148	521
PLMJLKIP_00701	Tn402-U67194.4	99.649	285	1	0	1	285	5212	4928	3.07e-148	521
PLMJLKIP_00701	Tn402.10-CP040126	99.298	285	2	0	1	285	5212	4928	1.43e-146	516
PLMJLKIP_00701	Tn402.8-MF490433	98.947	285	3	0	1	285	5217	4933	6.64e-145	510
PLMJLKIP_00701	Tn1721.1-HQ730118.1	98.947	285	3	0	1	285	7143	6859	6.64e-145	510
PLMJLKIP_00701	In_Tn1721.1-HQ730118.1	98.947	285	3	0	1	285	5212	4928	6.64e-145	510
PLMJLKIP_00702	ISFinder_TnAs3	100.000	840	0	0	1	840	8880	8041	0.0	1552
PLMJLKIP_00702	TnpRSB105-DQ839391.1	100.000	840	0	0	1	840	4252	3413	0.0	1552
PLMJLKIP_00702	TnAs3-CP000645.1	100.000	840	0	0	1	840	8880	8041	0.0	1552
PLMJLKIP_00702	Tn7258-JX235356	100.000	840	0	0	1	840	3279	2440	0.0	1552
PLMJLKIP_00702	Tn7257-JF810083	100.000	840	0	0	1	840	3279	2440	0.0	1552
PLMJLKIP_00702	Tn7256-FJ711439	100.000	840	0	0	1	840	3279	2440	0.0	1552
PLMJLKIP_00702	Tn7255-CP010893	100.000	840	0	0	1	840	1547	708	0.0	1552
PLMJLKIP_00702	Tn7098-MW390878	100.000	840	0	0	1	840	11946	11107	0.0	1552
PLMJLKIP_00702	Tn7098-MW390878	100.000	840	0	0	1	840	20926	20087	0.0	1552
PLMJLKIP_00702	Tn7095-MW390880	100.000	840	0	0	1	840	10455	9616	0.0	1552
PLMJLKIP_00702	Tn7017-NC_022242.1	100.000	840	0	0	1	840	4247	3408	0.0	1552
PLMJLKIP_00702	Tn6352-KX889311	100.000	840	0	0	1	840	4252	3413	0.0	1552
PLMJLKIP_00702	Tn6321-KY270852	100.000	840	0	0	1	840	12623	11784	0.0	1552
PLMJLKIP_00702	Tn6308-KX710094	100.000	840	0	0	1	840	16623	15784	0.0	1552
PLMJLKIP_00702	Tn6214-KJ541071	100.000	840	0	0	1	840	2825	1986	0.0	1552
PLMJLKIP_00702	Tn6214-KJ541071	100.000	840	0	0	1	840	25199	24360	0.0	1552
PLMJLKIP_00702	Tn6001_p-EF138817.1	100.000	840	0	0	1	840	5278	4439	0.0	1552
PLMJLKIP_00702	Tn5086-CP054343	100.000	840	0	0	1	840	8885	8046	0.0	1552
PLMJLKIP_00702	Tn5045-FN821089.1	100.000	840	0	0	1	840	15535	14696	0.0	1552
PLMJLKIP_00702	Tn4-KY749247.1	100.000	840	0	0	1	840	16310	15471	0.0	1552
PLMJLKIP_00702	Tn2670-AP000342	100.000	840	0	0	1	840	13799	12960	0.0	1552
PLMJLKIP_00702	Tn2424-UGCJ01000005	100.000	840	0	0	1	840	14802	13963	0.0	1552
PLMJLKIP_00702	Tn2411-FN554766	100.000	840	0	0	1	840	11356	10517	0.0	1552
PLMJLKIP_00702	Tn21.3-GQ293498.1	100.000	840	0	0	1	840	11357	10518	0.0	1552
PLMJLKIP_00702	Tn21-AF071413	100.000	840	0	0	1	840	12973	12134	0.0	1552
PLMJLKIP_00702	Tn2000-AF205943	100.000	840	0	0	1	840	9389	10228	0.0	1552
PLMJLKIP_00702	Tn1935-MK797990	100.000	840	0	0	1	840	15661	14822	0.0	1552
PLMJLKIP_00702	Tn1696-U12338.3	100.000	840	0	0	1	840	7585	6746	0.0	1552
PLMJLKIP_00702	Tn1412-L36547	100.000	840	0	0	1	840	5765	6604	0.0	1552
PLMJLKIP_00702	In_pP10164-3-KX710094	100.000	840	0	0	1	840	10664	9825	0.0	1552
PLMJLKIP_00702	In_pP10164-3-KX710094	100.000	840	0	0	1	840	21795	20956	0.0	1552
PLMJLKIP_00702	In_pP10164-3-KX710094	100.000	840	0	0	1	840	29428	28589	0.0	1552
PLMJLKIP_00702	In_pC52_003-CP042548	100.000	840	0	0	1	840	9338	8499	0.0	1552
PLMJLKIP_00702	In_pC52_003-CP042548	100.000	840	0	0	1	840	15059	14220	0.0	1552
PLMJLKIP_00702	In_TnAs3-CP000645.1	100.000	840	0	0	1	840	4247	3408	0.0	1552
PLMJLKIP_00702	In_Tn7095-MW390880	100.000	840	0	0	1	840	868	29	0.0	1552
PLMJLKIP_00702	In_Tn5045-FN821089.1	100.000	840	0	0	1	840	11436	10597	0.0	1552
PLMJLKIP_00702	In_Tn4-KY749247.1	100.000	840	0	0	1	840	6724	5885	0.0	1552
PLMJLKIP_00702	In_Tn1935-MK797990	100.000	840	0	0	1	840	11028	10189	0.0	1552
PLMJLKIP_00702	InS21-AJ311891	100.000	840	0	0	1	840	1571	732	0.0	1552
PLMJLKIP_00702	InS21-AJ311891	99.881	840	1	0	1	840	7155	6316	0.0	1546
PLMJLKIP_00702	In844-KY270852	100.000	840	0	0	1	840	8340	7501	0.0	1552
PLMJLKIP_00702	In7-L06418	100.000	840	0	0	1	840	1200	361	0.0	1552
PLMJLKIP_00702	In7-L06418	100.000	840	0	0	1	840	5308	4469	0.0	1552
PLMJLKIP_00702	In6_p-L06822	100.000	840	0	0	1	840	2111	1272	0.0	1552
PLMJLKIP_00702	In6_p-L06822	100.000	840	0	0	1	840	7641	6802	0.0	1552
PLMJLKIP_00702	In60-AF174129	100.000	840	0	0	1	840	9806	8967	0.0	1552
PLMJLKIP_00702	In60-AF174129	100.000	101	0	0	1	101	101	1	3.18e-47	187
PLMJLKIP_00702	In58-KX889311	100.000	840	0	0	1	840	4252	3413	0.0	1552
PLMJLKIP_00702	In53-AF205943.1	100.000	840	0	0	1	840	1677	838	0.0	1552
PLMJLKIP_00702	In450-EF138817	100.000	840	0	0	1	840	1887	1048	0.0	1552
PLMJLKIP_00702	In40-AF034958	100.000	840	0	0	1	840	1200	361	0.0	1552
PLMJLKIP_00702	In4-U12338.3	100.000	840	0	0	1	840	3266	2427	0.0	1552
PLMJLKIP_00702	In39-AY740681	100.000	840	0	0	1	840	4352	3513	0.0	1552
PLMJLKIP_00702	In38-AY162283	100.000	840	0	0	1	840	4706	3867	0.0	1552
PLMJLKIP_00702	In38-AY162283	100.000	550	0	0	1	550	550	1	0.0	1016
PLMJLKIP_00702	In37-AY259086	100.000	840	0	0	1	840	2945	2106	0.0	1552
PLMJLKIP_00702	In37-AY259086	100.000	840	0	0	1	840	8295	7456	0.0	1552
PLMJLKIP_00702	In36-AY259085	100.000	840	0	0	1	840	2945	2106	0.0	1552
PLMJLKIP_00702	In36-AY259085	100.000	840	0	0	1	840	8302	7463	0.0	1552
PLMJLKIP_00702	In34-AY123253	100.000	840	0	0	1	840	11030	10191	0.0	1552
PLMJLKIP_00702	In34-AY123253	100.000	840	0	0	1	840	15138	14299	0.0	1552
PLMJLKIP_00702	In33-AF313471	100.000	840	0	0	1	840	3266	2427	0.0	1552
PLMJLKIP_00702	In32-L36547	100.000	840	0	0	1	840	9498	8659	0.0	1552
PLMJLKIP_00702	In31-AJ223604	100.000	840	0	0	1	840	4174	3335	0.0	1552
PLMJLKIP_00702	In2_IS1326_IS1353-AF071413	100.000	840	0	0	1	840	8340	7501	0.0	1552
PLMJLKIP_00702	In22-CP054343	100.000	840	0	0	1	840	4252	3413	0.0	1552
PLMJLKIP_00702	In21-UGCJ01000005	100.000	840	0	0	1	840	10169	9330	0.0	1552
PLMJLKIP_00702	In2-AF071413	100.000	840	0	0	1	840	8340	7501	0.0	1552
PLMJLKIP_00702	In1573-MK047610	100.000	840	0	0	1	840	3937	3098	0.0	1552
PLMJLKIP_00702	In1572-MK047608	100.000	840	0	0	1	840	3937	3098	0.0	1552
PLMJLKIP_00702	In1297-MK047609	100.000	840	0	0	1	840	3937	3098	0.0	1552
PLMJLKIP_00702	In104-AY463797	100.000	840	0	0	1	840	2184	1345	0.0	1552
PLMJLKIP_00702	In1-AY046276	100.000	840	0	0	1	840	1689	850	0.0	1552
PLMJLKIP_00702	In0-U49101	100.000	840	0	0	1	840	6724	5885	0.0	1552
PLMJLKIP_00702	Tn6299-KU736875	100.000	838	0	0	3	840	12741	11904	0.0	1548
PLMJLKIP_00702	Tn610-X53635	100.000	838	0	0	3	840	1879	2716	0.0	1548
PLMJLKIP_00702	In781_p-CP003505	99.881	840	1	0	1	840	1468	629	0.0	1546
PLMJLKIP_00702	Tn7250-KT897470.1	99.881	838	1	0	3	840	1832	2669	0.0	1543
PLMJLKIP_00702	Tn6025-GU562437	99.524	840	1	1	1	840	7261	6425	0.0	1526
PLMJLKIP_00702	In_Tn6025-GU562437	99.524	840	1	1	1	840	2942	2106	0.0	1526
PLMJLKIP_00702	Tn5393.9-KU987453.1	99.762	421	0	1	421	840	11989	11569	0.0	771
PLMJLKIP_00702	In70_p-AJ969235	100.000	181	0	0	1	181	181	1	1.07e-91	335
PLMJLKIP_00703	Tn7095-MW390880	100.000	204	0	0	1	204	9491	9288	3.93e-105	377
PLMJLKIP_00703	In_pC52_003-CP042548	100.000	204	0	0	1	204	8371	8168	3.93e-105	377
PLMJLKIP_00703	Tn6308-KX710094	100.000	199	0	0	1	199	15656	15458	2.36e-102	368
PLMJLKIP_00703	In_pP10164-3-KX710094	100.000	199	0	0	1	199	9697	9499	2.36e-102	368
PLMJLKIP_00703	ISFinder_TnAs3	100.000	178	0	0	1	178	7913	7736	1.11e-90	329
PLMJLKIP_00703	TnpRSB105-DQ839391.1	100.000	178	0	0	1	178	3285	3108	1.11e-90	329
PLMJLKIP_00703	TnAs3-CP000645.1	100.000	178	0	0	1	178	7913	7736	1.11e-90	329
PLMJLKIP_00703	Tn7258-JX235356	100.000	178	0	0	1	178	2312	2135	1.11e-90	329
PLMJLKIP_00703	Tn7257-JF810083	100.000	178	0	0	1	178	2312	2135	1.11e-90	329
PLMJLKIP_00703	Tn7256-FJ711439	100.000	178	0	0	1	178	2312	2135	1.11e-90	329
PLMJLKIP_00703	Tn7255-CP010893	100.000	178	0	0	1	178	580	403	1.11e-90	329
PLMJLKIP_00703	Tn7250-KT897470.1	100.000	178	0	0	1	178	2797	2974	1.11e-90	329
PLMJLKIP_00703	Tn7098-MW390878	100.000	178	0	0	1	178	10979	10802	1.11e-90	329
PLMJLKIP_00703	Tn7017-NC_022242.1	100.000	178	0	0	1	178	3280	3103	1.11e-90	329
PLMJLKIP_00703	Tn6352-KX889311	100.000	178	0	0	1	178	3285	3108	1.11e-90	329
PLMJLKIP_00703	Tn6321-KY270852	100.000	178	0	0	1	178	11656	11479	1.11e-90	329
PLMJLKIP_00703	Tn6214-KJ541071	100.000	178	0	0	1	178	1858	1681	1.11e-90	329
PLMJLKIP_00703	Tn6214-KJ541071	100.000	178	0	0	1	178	24232	24055	1.11e-90	329
PLMJLKIP_00703	Tn610-X53635	100.000	178	0	0	1	178	2844	3021	1.11e-90	329
PLMJLKIP_00703	Tn6025-GU562437	100.000	178	0	0	1	178	6297	6120	1.11e-90	329
PLMJLKIP_00703	Tn6001_p-EF138817.1	100.000	178	0	0	1	178	4311	4134	1.11e-90	329
PLMJLKIP_00703	Tn5086-CP054343	100.000	178	0	0	1	178	7918	7741	1.11e-90	329
PLMJLKIP_00703	Tn5045-FN821089.1	100.000	178	0	0	1	178	14568	14391	1.11e-90	329
PLMJLKIP_00703	Tn4-KY749247.1	100.000	178	0	0	1	178	15343	15166	1.11e-90	329
PLMJLKIP_00703	Tn2670-AP000342	100.000	178	0	0	1	178	12832	12655	1.11e-90	329
PLMJLKIP_00703	Tn2424-UGCJ01000005	100.000	178	0	0	1	178	13835	13658	1.11e-90	329
PLMJLKIP_00703	Tn2411-FN554766	100.000	178	0	0	1	178	10389	10212	1.11e-90	329
PLMJLKIP_00703	Tn21.3-GQ293498.1	100.000	178	0	0	1	178	10390	10213	1.11e-90	329
PLMJLKIP_00703	Tn21-AF071413	100.000	178	0	0	1	178	12006	11829	1.11e-90	329
PLMJLKIP_00703	Tn2000-AF205943	100.000	178	0	0	1	178	10356	10533	1.11e-90	329
PLMJLKIP_00703	Tn1935-MK797990	100.000	178	0	0	1	178	14694	14517	1.11e-90	329
PLMJLKIP_00703	Tn1696-U12338.3	100.000	178	0	0	1	178	6618	6441	1.11e-90	329
PLMJLKIP_00703	Tn1412-L36547	100.000	178	0	0	1	178	6732	6909	1.11e-90	329
PLMJLKIP_00703	In_TnAs3-CP000645.1	100.000	178	0	0	1	178	3280	3103	1.11e-90	329
PLMJLKIP_00703	In_Tn6025-GU562437	100.000	178	0	0	1	178	1978	1801	1.11e-90	329
PLMJLKIP_00703	In_Tn5045-FN821089.1	100.000	178	0	0	1	178	10469	10292	1.11e-90	329
PLMJLKIP_00703	In_Tn4-KY749247.1	100.000	178	0	0	1	178	5757	5580	1.11e-90	329
PLMJLKIP_00703	In_Tn1935-MK797990	100.000	178	0	0	1	178	10061	9884	1.11e-90	329
PLMJLKIP_00703	InS21-AJ311891	100.000	178	0	0	1	178	604	427	1.11e-90	329
PLMJLKIP_00703	In844-KY270852	100.000	178	0	0	1	178	7373	7196	1.11e-90	329
PLMJLKIP_00703	In781_p-CP003505	100.000	178	0	0	1	178	501	324	1.11e-90	329
PLMJLKIP_00703	In7-L06418	100.000	178	0	0	1	178	233	56	1.11e-90	329
PLMJLKIP_00703	In6_p-L06822	100.000	178	0	0	1	178	1144	967	1.11e-90	329
PLMJLKIP_00703	In58-KX889311	100.000	178	0	0	1	178	3285	3108	1.11e-90	329
PLMJLKIP_00703	In53-AF205943.1	100.000	178	0	0	1	178	710	533	1.11e-90	329
PLMJLKIP_00703	In450-EF138817	100.000	178	0	0	1	178	920	743	1.11e-90	329
PLMJLKIP_00703	In40-AF034958	100.000	178	0	0	1	178	233	56	1.11e-90	329
PLMJLKIP_00703	In4-U12338.3	100.000	178	0	0	1	178	2299	2122	1.11e-90	329
PLMJLKIP_00703	In37-AY259086	100.000	178	0	0	1	178	1978	1801	1.11e-90	329
PLMJLKIP_00703	In36-AY259085	100.000	178	0	0	1	178	1978	1801	1.11e-90	329
PLMJLKIP_00703	In34-AY123253	100.000	178	0	0	1	178	10063	9886	1.11e-90	329
PLMJLKIP_00703	In33-AF313471	100.000	178	0	0	1	178	2299	2122	1.11e-90	329
PLMJLKIP_00703	In32-L36547	100.000	178	0	0	1	178	8531	8354	1.11e-90	329
PLMJLKIP_00703	In31-AJ223604	100.000	178	0	0	1	178	3207	3030	1.11e-90	329
PLMJLKIP_00703	In2_IS1326_IS1353-AF071413	100.000	178	0	0	1	178	7373	7196	1.11e-90	329
PLMJLKIP_00703	In22-CP054343	100.000	178	0	0	1	178	3285	3108	1.11e-90	329
PLMJLKIP_00703	In21-UGCJ01000005	100.000	178	0	0	1	178	9202	9025	1.11e-90	329
PLMJLKIP_00703	In2-AF071413	100.000	178	0	0	1	178	7373	7196	1.11e-90	329
PLMJLKIP_00703	In1573-MK047610	100.000	178	0	0	1	178	2970	2793	1.11e-90	329
PLMJLKIP_00703	In1572-MK047608	100.000	178	0	0	1	178	2970	2793	1.11e-90	329
PLMJLKIP_00703	In1297-MK047609	100.000	178	0	0	1	178	2970	2793	1.11e-90	329
PLMJLKIP_00703	In104-AY463797	100.000	178	0	0	1	178	1217	1040	1.11e-90	329
PLMJLKIP_00703	In1-AY046276	100.000	178	0	0	1	178	722	545	1.11e-90	329
PLMJLKIP_00703	In0-U49101	100.000	178	0	0	1	178	5757	5580	1.11e-90	329
PLMJLKIP_00703	Tn6299-KU736875	99.438	178	1	0	1	178	11776	11599	5.19e-89	324
PLMJLKIP_00704	Tn7095-MW390880	100.000	1206	0	0	1	1206	9132	7927	0.0	2228
PLMJLKIP_00704	Tn6308-KX710094	100.000	1206	0	0	1	1206	13971	12766	0.0	2228
PLMJLKIP_00704	In_pP10164-3-KX710094	100.000	1206	0	0	1	1206	8012	6807	0.0	2228
PLMJLKIP_00704	In_pC52_003-CP042548	99.917	1206	1	0	1	1206	8012	6807	0.0	2222
PLMJLKIP_00705	Tn6308-KX710094	100.000	306	0	0	1	306	12755	12450	1.22e-161	566
PLMJLKIP_00705	In_pP10164-3-KX710094	100.000	306	0	0	1	306	6796	6491	1.22e-161	566
PLMJLKIP_00705	In_pC52_003-CP042548	100.000	306	0	0	1	306	6796	6491	1.22e-161	566
PLMJLKIP_00705	Tn7095-MW390880	100.000	43	0	0	1	43	7916	7874	1.93e-15	80.5
PLMJLKIP_00706	ISFinder_IS6100	100.000	765	0	0	1	765	62	826	0.0	1413
PLMJLKIP_00706	Tn7250-KT897470.1	100.000	765	0	0	1	765	70	834	0.0	1413
PLMJLKIP_00706	Tn7250-KT897470.1	100.000	765	0	0	1	765	3170	3934	0.0	1413
PLMJLKIP_00706	Tn7249-AY251554	100.000	765	0	0	1	765	62	826	0.0	1413
PLMJLKIP_00706	Tn7249-AY251554	100.000	765	0	0	1	765	3523	4287	0.0	1413
PLMJLKIP_00706	Tn6308-KX710094	100.000	765	0	0	1	765	12223	11459	0.0	1413
PLMJLKIP_00706	Tn6214-KJ541071	100.000	765	0	0	1	765	971	207	0.0	1413
PLMJLKIP_00706	Tn610-X53635	100.000	765	0	0	1	765	819	55	0.0	1413
PLMJLKIP_00706	Tn610-X53635	100.000	765	0	0	1	765	3152	3916	0.0	1413
PLMJLKIP_00706	Tn6025-GU562437	100.000	765	0	0	1	765	5290	4526	0.0	1413
PLMJLKIP_00706	Tn6001_p-EF138817.1	100.000	765	0	0	1	765	3304	2540	0.0	1413
PLMJLKIP_00706	Tn1696-U12338.3	100.000	765	0	0	1	765	5611	4847	0.0	1413
PLMJLKIP_00706	Tn1696-U12338.3	100.000	267	0	0	499	765	4792	4526	1.52e-139	494
PLMJLKIP_00706	Tn1403-AF313472	100.000	765	0	0	1	765	10599	9835	0.0	1413
PLMJLKIP_00706	In_pP10164-3-KX710094	100.000	765	0	0	1	765	6264	5500	0.0	1413
PLMJLKIP_00706	In_pC52_003-CP042548	100.000	765	0	0	1	765	6264	5500	0.0	1413
PLMJLKIP_00706	In_Tn6025-GU562437	100.000	765	0	0	1	765	971	207	0.0	1413
PLMJLKIP_00706	In893-LC155907	100.000	765	0	0	1	765	971	207	0.0	1413
PLMJLKIP_00706	In4-U12338.3	100.000	765	0	0	1	765	1292	528	0.0	1413
PLMJLKIP_00706	In4-U12338.3	100.000	267	0	0	499	765	473	207	1.52e-139	494
PLMJLKIP_00706	In37-AY259086	100.000	765	0	0	1	765	971	207	0.0	1413
PLMJLKIP_00706	In36-AY259085	100.000	765	0	0	1	765	971	207	0.0	1413
PLMJLKIP_00706	In33-AF313471	100.000	765	0	0	1	765	1292	528	0.0	1413
PLMJLKIP_00706	In33-AF313471	100.000	267	0	0	499	765	473	207	1.52e-139	494
PLMJLKIP_00706	In28-AF313472	100.000	765	0	0	1	765	971	207	0.0	1413
PLMJLKIP_00706	IS6100-U12338.3	100.000	765	0	0	1	765	62	826	0.0	1413
PLMJLKIP_00706	In104-AY463797	99.869	765	1	0	1	765	971	207	0.0	1408
PLMJLKIP_00707	Tn6308-KX710094	100.000	585	0	0	1	585	10382	10966	0.0	1081
PLMJLKIP_00707	In_pP10164-3-KX710094	100.000	585	0	0	1	585	4423	5007	0.0	1081
PLMJLKIP_00707	In_pC52_003-CP042548	100.000	585	0	0	1	585	4423	5007	0.0	1081
PLMJLKIP_00708	Tn6308-KX710094	100.000	1239	0	0	1	1239	9144	10382	0.0	2289
PLMJLKIP_00708	In_pP10164-3-KX710094	100.000	1239	0	0	1	1239	3185	4423	0.0	2289
PLMJLKIP_00708	In_pC52_003-CP042548	100.000	1239	0	0	1	1239	3185	4423	0.0	2289
PLMJLKIP_00709	Tn6308-KX710094	100.000	906	0	0	1	906	8242	9147	0.0	1674
PLMJLKIP_00709	In_pP10164-3-KX710094	100.000	906	0	0	1	906	2283	3188	0.0	1674
PLMJLKIP_00709	In_pC52_003-CP042548	100.000	906	0	0	1	906	2283	3188	0.0	1674
PLMJLKIP_00941	ISFinder_ISEc5	96.760	463	15	0	1	463	625	1087	0.0	773
PLMJLKIP_00941	ISFinder_ISEc1	96.328	463	17	0	1	463	625	1087	0.0	761
PLMJLKIP_00942	ISFinder_ISEc1	97.333	375	10	0	1	375	238	612	0.0	638
PLMJLKIP_00942	ISFinder_ISEc5	96.000	375	15	0	1	375	238	612	6.93e-175	610
PLMJLKIP_01041	ISFinder_ISEc46	100.000	426	0	0	1	426	497	72	0.0	787
PLMJLKIP_01042	ISFinder_ISEc46	100.000	1170	0	0	1	1170	554	1723	0.0	2161
PLMJLKIP_01105	ISFinder_ISEc22	100.000	122	0	0	188	309	2454	2333	2.37e-59	226
PLMJLKIP_01105	ISFinder_ISKpn24	94.167	120	7	0	188	307	2454	2335	1.45e-46	183
PLMJLKIP_01105	ISFinder_ISSgsp1	90.678	118	11	0	188	305	2438	2321	8.78e-39	158
PLMJLKIP_01327	ISFinder_IS1397	97.844	603	13	0	1	603	798	1400	0.0	1042
PLMJLKIP_01328	ISFinder_IS1397	98.519	135	2	0	1	135	439	573	1.21e-63	239
PLMJLKIP_01427	ISFinder_ISEc1	96.154	858	33	0	1	858	424	1281	0.0	1402
PLMJLKIP_01427	ISFinder_ISEc5	95.571	858	38	0	1	858	424	1281	0.0	1375
PLMJLKIP_01590	ISFinder_IS609	100.000	41	0	0	220	260	1	41	2.11e-14	76.8
PLMJLKIP_01599	ISFinder_ISSm3	81.818	88	16	0	21	108	1112	1025	8.52e-14	75.0
PLMJLKIP_01614	ISFinder_IS200C	100.000	180	0	0	5	184	1	180	9.75e-92	333
PLMJLKIP_01614	ISFinder_IS1541D	95.628	183	7	1	2	184	1	182	1.66e-79	292
PLMJLKIP_01614	ISFinder_IS200F	96.000	175	7	0	10	184	8	182	2.77e-77	285
PLMJLKIP_01614	ISFinder_IS200	95.376	173	7	1	12	184	10	181	6.00e-74	274
PLMJLKIP_01614	ISFinder_IS200H	94.286	175	9	1	10	184	6	179	1.00e-71	267
PLMJLKIP_01614	ISFinder_IS200G	92.350	183	14	0	2	184	1	183	4.67e-70	261
PLMJLKIP_01614	ISFinder_IS1541A	92.350	183	14	0	2	184	1	183	4.67e-70	261
PLMJLKIP_01614	ISFinder_IS1541B	92.308	182	14	0	3	184	1	182	1.68e-69	259
PLMJLKIP_02014	ISFinder_IS609	97.630	675	16	0	1	675	1031	1705	0.0	1158
PLMJLKIP_02014	ISFinder_ISSen6	83.461	653	97	11	1	647	1089	1736	9.91e-171	597
PLMJLKIP_02426	ISFinder_ISEc31	100.000	39	0	0	202	240	1258	1220	2.48e-13	73.1
PLMJLKIP_02427	ISFinder_IS621	95.745	47	2	0	60	106	47	1	6.35e-14	76.8
PLMJLKIP_04011	ISFinder_IS200C	98.039	459	9	0	1	459	142	600	0.0	798
PLMJLKIP_04011	ISFinder_IS200F	90.870	460	40	2	1	459	144	602	1.83e-176	616
PLMJLKIP_04011	ISFinder_IS200	90.456	461	41	3	1	459	143	602	3.96e-173	604
PLMJLKIP_04011	ISFinder_IS200H	89.371	461	46	3	1	459	141	600	8.63e-165	577
PLMJLKIP_04011	ISFinder_IS1541C	86.275	459	63	0	1	459	144	602	1.92e-141	499
PLMJLKIP_04011	ISFinder_IS1541B	85.498	462	61	5	1	459	144	602	9.01e-135	477
PLMJLKIP_04011	ISFinder_IS200G	85.281	462	62	5	1	459	145	603	4.19e-133	472
PLMJLKIP_04011	ISFinder_IS1541A	85.281	462	62	5	1	459	145	603	4.19e-133	472
PLMJLKIP_04011	ISFinder_IS1541D	84.749	459	70	0	1	459	144	602	9.07e-130	460
PLMJLKIP_04012	ISFinder_ISEc57	99.880	833	1	0	1	833	89	921	0.0	1533
PLMJLKIP_04012	Tn6924-CP082952	76.010	842	186	14	1	834	9064	9897	8.45e-118	422
PLMJLKIP_04012	ISFinder_ISAba8	75.386	841	193	12	1	834	89	922	1.84e-109	394
PLMJLKIP_04012	Tn2555.3-AY485150	100.000	56	0	0	830	885	13405	13460	3.48e-22	104
PLMJLKIP_04012	Tn2555.3-AY485150	100.000	52	0	0	834	885	1	52	5.82e-20	97.1
PLMJLKIP_04012	Tn2555.3-AY485150	100.000	52	0	0	834	885	5539	5488	5.82e-20	97.1
PLMJLKIP_04012	Tn6214-KJ541071	100.000	54	0	0	832	885	7383	7436	4.50e-21	100
PLMJLKIP_04012	TnAph1-L36457	96.610	59	2	0	827	885	1854	1912	1.62e-20	99.0
PLMJLKIP_04012	TnAph1-L36457	100.000	52	0	0	834	885	1	52	5.82e-20	97.1
PLMJLKIP_04012	Tn7254-CP070093	96.610	59	2	0	827	885	1873	1931	1.62e-20	99.0
PLMJLKIP_04012	Tn7254-CP070093	100.000	52	0	0	834	885	1	52	5.82e-20	97.1
PLMJLKIP_04012	Tn7114.1-CP110861	100.000	53	0	0	833	885	6026	6078	1.62e-20	99.0
PLMJLKIP_04012	Tn7114.1-CP110861	100.000	53	0	0	833	885	28600	28652	1.62e-20	99.0
PLMJLKIP_04012	Tn7114.1-CP110861	98.214	56	1	0	830	885	44162	44107	1.62e-20	99.0
PLMJLKIP_04012	Tn7114.1-CP110861	100.000	53	0	0	833	885	50185	50133	1.62e-20	99.0
PLMJLKIP_04012	Tn7114.1-CP110861	100.000	52	0	0	834	885	10229	10280	5.82e-20	97.1
PLMJLKIP_04012	Tn7114.1-CP110861	100.000	52	0	0	834	885	32803	32854	5.82e-20	97.1
PLMJLKIP_04012	Tn7114.1-CP110861	100.000	52	0	0	834	885	40997	41048	5.82e-20	97.1
PLMJLKIP_04012	Tn7098-MW390878	100.000	53	0	0	833	885	7053	7105	1.62e-20	99.0
PLMJLKIP_04012	Tn7098-MW390878	96.610	59	2	0	827	885	8907	8965	1.62e-20	99.0
PLMJLKIP_04012	Tn7095-MW390880	100.000	53	0	0	833	885	7053	7105	1.62e-20	99.0
PLMJLKIP_04012	Tn6925-CP076822	100.000	53	0	0	833	885	2928	2980	1.62e-20	99.0
PLMJLKIP_04012	Tn6925-CP076822	100.000	52	0	0	834	885	1	52	5.82e-20	97.1
PLMJLKIP_04012	Tn6668-MK670985	100.000	53	0	0	833	885	7053	7105	1.62e-20	99.0
PLMJLKIP_04012	Tn6308-KX710094	100.000	53	0	0	833	885	7352	7404	1.62e-20	99.0
PLMJLKIP_04012	Tn6308-KX710094	100.000	53	0	0	833	885	21918	21866	1.62e-20	99.0
PLMJLKIP_04012	Tn6308-KX710094	100.000	53	0	0	833	885	26483	26431	1.62e-20	99.0
PLMJLKIP_04012	Tn6308-KX710094	100.000	53	0	0	833	885	31402	31350	1.62e-20	99.0
PLMJLKIP_04012	Tn6308-KX710094	100.000	52	0	0	834	885	35966	35915	5.82e-20	97.1
PLMJLKIP_04012	Tn6023-GU562437.2	100.000	53	0	0	833	885	1816	1868	1.62e-20	99.0
PLMJLKIP_04012	Tn6023-GU562437.2	100.000	52	0	0	834	885	820	769	5.82e-20	97.1
PLMJLKIP_04012	Tn6010-EU370913	98.214	56	1	0	830	885	6023	6078	1.62e-20	99.0
PLMJLKIP_04012	Tn6010-EU370913	100.000	52	0	0	834	885	1	52	5.82e-20	97.1
PLMJLKIP_04012	Tn5393.5-CP027411.1	100.000	53	0	0	833	885	4518	4466	1.62e-20	99.0
PLMJLKIP_04012	Tn4352-M20306	96.610	59	2	0	827	885	1878	1936	1.62e-20	99.0
PLMJLKIP_04012	Tn4352-M20306	100.000	52	0	0	834	885	25	76	5.82e-20	97.1
PLMJLKIP_04012	Tn21.2-MH626558	100.000	53	0	0	833	885	6026	6078	1.62e-20	99.0
PLMJLKIP_04012	Tn21.2-MH626558	100.000	53	0	0	833	885	19758	19810	1.62e-20	99.0
PLMJLKIP_04012	Tn21.2-MH626558	96.610	59	2	0	827	885	31034	31092	1.62e-20	99.0
PLMJLKIP_04012	Tn21.1-MH257753	100.000	53	0	0	833	885	6026	6078	1.62e-20	99.0
PLMJLKIP_04012	Tn21.1-MH257753	96.610	59	2	0	827	885	17302	17360	1.62e-20	99.0
PLMJLKIP_04012	Tn2000-AF205943	100.000	53	0	0	833	885	821	769	1.62e-20	99.0
PLMJLKIP_04012	Tn2000-AF205943	96.552	58	2	0	828	885	11060	11117	5.82e-20	97.1
PLMJLKIP_04012	Tn1935-MK797990	100.000	53	0	0	833	885	6026	6078	1.62e-20	99.0
PLMJLKIP_04012	Tn1935-MK797990	96.610	59	2	0	827	885	7880	7938	1.62e-20	99.0
PLMJLKIP_04012	Tn1412-L36547	96.610	59	2	0	827	885	10036	10094	1.62e-20	99.0
PLMJLKIP_04012	Tn1412-L36547	100.000	52	0	0	834	885	8183	8234	5.82e-20	97.1
PLMJLKIP_04012	In_pP10164-3-KX710094	100.000	53	0	0	833	885	1393	1445	1.62e-20	99.0
PLMJLKIP_04012	In_pP10164-3-KX710094	100.000	53	0	0	833	885	15959	15907	1.62e-20	99.0
PLMJLKIP_04012	In_pP10164-3-KX710094	100.000	53	0	0	833	885	20524	20472	1.62e-20	99.0
PLMJLKIP_04012	In_pC52_003-CP042548	100.000	53	0	0	833	885	1393	1445	1.62e-20	99.0
PLMJLKIP_04012	In_Tn7114-CP110861	100.000	53	0	0	833	885	1393	1445	1.62e-20	99.0
PLMJLKIP_04012	In_Tn7114-CP110861	100.000	52	0	0	834	885	5596	5647	5.82e-20	97.1
PLMJLKIP_04012	In_Tn21.1-MH257753	100.000	53	0	0	833	885	1393	1445	1.62e-20	99.0
PLMJLKIP_04012	In_Tn1935-MK797990	100.000	53	0	0	833	885	1393	1445	1.62e-20	99.0
PLMJLKIP_04012	In_Tn1935-MK797990	96.610	59	2	0	827	885	3247	3305	1.62e-20	99.0
PLMJLKIP_04012	In34-AY123253	100.000	53	0	0	833	885	1393	1445	1.62e-20	99.0
PLMJLKIP_04012	In34-AY123253	100.000	53	0	0	833	885	3255	3307	1.62e-20	99.0
PLMJLKIP_04012	In32-L36547	100.000	53	0	0	833	885	5221	5169	1.62e-20	99.0
PLMJLKIP_04012	In32-L36547	100.000	52	0	0	834	885	7080	7029	5.82e-20	97.1
PLMJLKIP_04012	ISFinder_IS15DIV	100.000	52	0	0	834	885	819	768	5.82e-20	97.1
PLMJLKIP_04012	ISFinder_IS15DII	100.000	52	0	0	834	885	1	52	5.82e-20	97.1
PLMJLKIP_04012	ISFinder_IS15DI	100.000	52	0	0	834	885	1	52	5.82e-20	97.1
PLMJLKIP_04012	ISFinder_IS15	100.000	52	0	0	834	885	1	52	5.82e-20	97.1
PLMJLKIP_04012	ISFinder_IS15	98.214	56	0	1	831	885	650	705	5.82e-20	97.1
PLMJLKIP_04012	ISFinder_IS26	100.000	52	0	0	834	885	1	52	5.82e-20	97.1
PLMJLKIP_04012	TnPMLUA4-KC964607.1	100.000	52	0	0	834	885	1	52	5.82e-20	97.1
PLMJLKIP_04012	TnPMLUA4-KC964607.1	100.000	52	0	0	834	885	3654	3705	5.82e-20	97.1
PLMJLKIP_04012	Tn7247-MH734334	100.000	52	0	0	834	885	100	151	5.82e-20	97.1
PLMJLKIP_04012	Tn7247-MH734334	100.000	52	0	0	834	885	11027	10976	5.82e-20	97.1
PLMJLKIP_04012	IS26.var1-GU562437.2	100.000	52	0	0	834	885	1	52	5.82e-20	97.1
PLMJLKIP_04012	IS26-X00011	100.000	52	0	0	834	885	1	52	5.82e-20	97.1
PLMJLKIP_04012	IS26-MH257753	100.000	52	0	0	834	885	1	52	5.82e-20	97.1
PLMJLKIP_04013	ISCR2-CP117330	100.000	162	0	0	1	162	119	280	7.01e-82	300
PLMJLKIP_04014	Tn6299-KU736875	86.957	299	39	0	1	299	18821	19119	1.04e-92	337
PLMJLKIP_04015	Tn6299-KU736875	86.535	1218	158	6	1	1215	17578	18792	0.0	1336
PLMJLKIP_04016	Tn6299-KU736875	87.744	359	42	2	348	705	16978	17335	8.82e-117	418
PLMJLKIP_04016	Tn6299-KU736875	100.000	30	0	0	1	30	3525	3554	7.96e-08	56.5
PLMJLKIP_04016	ISCR2-CP117330	100.000	28	0	0	1	28	1818	1845	1.03e-06	52.8
PLMJLKIP_04017	ISCR2-CP117330	99.916	1188	1	0	1	1188	425	1612	0.0	2189
PLMJLKIP_04017	ISFinder_ISVsa3	99.896	964	1	0	225	1188	1	964	0.0	1775
PLMJLKIP_04017	ISVsa3-AJ289135	99.896	964	1	0	225	1188	1	964	0.0	1775
PLMJLKIP_04342	ISFinder_ISEc17	99.846	649	1	0	1	649	362	1010	0.0	1194
PLMJLKIP_04342	ISFinder_ISEc17	98.000	100	0	1	635	732	1038	1137	7.74e-43	172
PLMJLKIP_04342	ISFinder_IS3	99.846	649	1	0	1	649	362	1010	0.0	1194
PLMJLKIP_04342	ISFinder_IS3	98.000	100	0	1	635	732	1038	1137	7.74e-43	172
PLMJLKIP_04342	IS3-X02311	99.846	649	1	0	1	649	362	1010	0.0	1194
PLMJLKIP_04342	IS3-X02311	98.000	100	0	1	635	732	1038	1137	7.74e-43	172
PLMJLKIP_04342	ISFinder_IS3F	95.518	647	29	0	1	647	362	1008	0.0	1035
PLMJLKIP_04342	ISFinder_IS3F	94.000	100	4	1	635	732	1038	1137	3.63e-36	150
PLMJLKIP_04342	ISFinder_IS3H	94.923	650	30	1	1	647	362	1011	0.0	1014
PLMJLKIP_04342	ISFinder_IS3H	94.000	100	4	1	635	732	1041	1140	3.63e-36	150
PLMJLKIP_04342	ISFinder_ISEc16	93.548	93	6	0	640	732	1031	1123	7.85e-33	139
PLMJLKIP_04343	ISFinder_ISEc17	100.000	300	0	0	1	300	66	365	2.58e-158	555
PLMJLKIP_04343	ISFinder_IS3	99.667	300	1	0	1	300	66	365	1.20e-156	549
PLMJLKIP_04343	IS3-X02311	99.667	300	1	0	1	300	66	365	1.20e-156	549
PLMJLKIP_04343	ISFinder_IS3F	96.000	300	12	0	1	300	66	365	2.65e-138	488
PLMJLKIP_04343	ISFinder_ISSty2	84.718	301	44	2	1	300	67	366	1.34e-81	300
PLMJLKIP_04343	ISFinder_IS3H	84.667	300	46	0	1	300	66	365	1.34e-81	300
PLMJLKIP_04343	ISFinder_IS1230B	83.721	301	47	2	1	300	67	366	1.34e-76	283
PLMJLKIP_04343	ISFinder_ISEal1	81.126	302	53	4	1	300	65	364	2.95e-63	239
PLMJLKIP_04343	ISFinder_ISEc16	81.000	300	57	0	1	300	64	363	2.95e-63	239
PLMJLKIP_04343	ISFinder_ISPeat2	81.126	302	50	5	1	300	67	363	3.82e-62	235
PLMJLKIP_04345	ISFinder_ISEc38	95.497	1377	62	0	1	1377	75	1451	0.0	2200
PLMJLKIP_04346	ISFinder_IS4	99.925	1329	1	0	1	1329	85	1413	0.0	2449
PLMJLKIP_04432	ISFinder_IS609	98.333	660	11	0	1	660	1031	1690	0.0	1158
PLMJLKIP_04432	ISFinder_ISSen6	84.227	653	92	11	1	647	1089	1736	4.46e-179	625
PLMJLKIP_04693	Tn7114.1-CP110861	87.500	72	7	2	1184	1254	46806	46876	5.84e-15	82.4
PLMJLKIP_04693	Tn6010-EU370913	87.500	72	7	2	1184	1254	3379	3309	5.84e-15	82.4
PLMJLKIP_04714	Tn2502-U58366	77.283	427	95	2	1	426	2562	2987	1.98e-66	250
